total_sqft,bath,balcony,price
1056,2,1,39.07
2600,5,3,120
1521,3,1,95
1170,2,1,38
2785,5,3,295
1000,2,1,38
2250,3,2,148
1175,2,2,73.5
1180,3,2,48
1540,3,3,60
2770,4,2,290
1755,3,1,122
2800,5,2,380
510,1,0,25.25
660,1,1,23.1
1151,2,2,48.77
1025,2,1,47
1075,2,1,35
1760,2,2,123
1693,3,3,57.39
700,2,1,36
1724,3,2,125
1254,3,2,38
600,1,0,38
1330.74,2,2,91.79
970,2,0,33
1459,2,1,94.82
1270,2,1,50
1670,3,1,99
2010,3,2,91
1185,2,2,75
1600,2,3,75
1200,2,2,44
1500,2,2,185
845,2,1,55
5700,5,3,650
1160,2,2,44
1140,2,3,43
1358,2,1,80.58
1569,3,1,101
1240,2,1,70
2089,3,2,140
2511,3,3,205
1660,2,2,105
1326,2,2,78
1499,5,2,102
708,2,2,37
1060,2,2,58.06
1000,2,2,70
1296,2,3,80
2894,4,1,245
2502,3,3,138
650,1,1,17
2400,2,1,150
1007,2,2,43
1200,2,2,50
1640,3,2,229
1260,2,2,66.78
1413,2,2,75
1116,2,1,51.91
1530,2,1,45.9
2497,3,2,140
1540,2,3,64
1427,3,2,120
2061,3,1,200
1282,2,2,68.52
1600,3,2,65
1500,2,1,78
1870,3,3,110
1600,3,1,75
880,1,1,16.5
1535,3,2,83
950,2,1,57
1360,2,1,65
1260,2,2,85.05
3050,5,1,213
1563.05,3,1,105
1167,2,1,43.76
890,2,1,35
1612,3,3,46.74
1710,4,2,91.31
957,2,1,58
1125,2,2,50
1020,2,1,30.6
1735,3,3,135
2050,3,1,145
1063,2,1,32
1904,3,1,150
2000,3,1,175
1425,2,2,75
1500,2,1,64.5
1060,2,1,60
1470,2,2,70
450,1,1,11
1152,2,1,64.5
1350,2,1,56
1550,3,3,65
705,1,2,67
770,1,1,36
1242,2,3,51
1700,3,2,155
2144,3,2,145
1704,3,2,110
1070,2,1,52
1025,2,1,46
1200,2,2,52
1550,2,3,80
1200,2,2,60
1327,2,2,98
1400,3,2,56
1225,2,2,47.6
1260,2,2,54
1282,2,2,48.7
1909,3,2,88
1359,2,1,87
1595,3,2,65
1475,3,2,78.29
1580,3,3,100
1295,2,1,65
589,1,1,27
1787,3,2,98.29
1787,3,2,125
1475,2,3,90
984,2,1,44.28
2405,4,2,260
1080,2,2,72
1153,2,2,56.4
1148,2,2,60
1110,2,2,55
1100,2,2,42
1290,2,2,110
1933,3,1,129
645,1,1,16.45
645,1,1,16.45
1644,3,3,84
1285,2,3,72.5
910,2,1,40
1577,3,1,70
4050,3,2,280
2420,3,2,185
800,1,1,20
1270,2,2,93
1108,2,1,63
3045,3,2,170
2900,3,2,300
1500,3,2,75.5
1295,2,2,43.9
1162,2,1,59.9
1035,2,2,49.2
1600,4,0,52.8
1866,2,2,61.58
700,1,1,26
1804,3,2,120
1868,3,2,131
2026,3,2,132
1210,2,1,80.9
4111,4,2,250
1762,3,3,91.45
1252,3,3,55
861,2,1,34.5
1420,2,1,100
1490,3,1,78.8
1425,2,2,94
1200,2,1,40
1084,2,2,50
1015,2,2,25.88
1017,2,1,51.25
1069,2,2,45
1349,2,1,98.2
1005,2,1,50
1417,2,3,75
950,2,2,47
2000,4,0,120
1863,3,2,104
1010,2,1,29.5
1425,2,1,70
1450,3,0,100
1847,3,2,105
1100,2,3,45
525,1,1,26
1665,3,2,95
1664,4,3,65
1850,3,3,150
1438,2,3,100
1560,3,3,115
1550,3,3,67
1280,2,2,75
1113,2,1,51
1385,2,1,83.09
1128,2,1,65
2390,3,2,415
1464,3,2,56
1200,2,2,52
1150,2,1,55
1645,3,2,95
1192,2,2,74
2135,3,2,215
1173,2,1,58
1020,2,2,45
3122,6,2,230
1250,2,2,40
1325,2,2,76
1850,3,1,150
1260,3,1,49.36
1800,3,0,150
11,3,2,74
1100,2,1,43.25
1508,2,1,77
1592,3,2,75
1388,2,3,57
630,1,1,28.35
3252,5,3,335
1116,2,1,50
1308,2,2,89.04
1075,2,1,52
530,1,0,11.66
1075,2,2,60
930,2,2,39
1380,2,1,60
2483,5,2,212
1166,2,2,55
1050,2,1,65
2023.71,3,2,275
1200,2,2,46.8
1600,2,1,108
1935,3,2,110
451,1,0,29.9
1800,3,2,95
1400,3,0,77
1801,3,2,115
1160,2,2,44
950,2,1,40
1826,3,2,121
1245,2,1,94
1145,2,2,45.79
825,2,1,33
1693,3,3,108
1113.27,2,2,53
1460,2,1,58
1050,2,1,32
1260,2,2,55
1656,2,1,120
1208,3,1,45
1910,3,2,161
3252,4,1,230
1175,2,1,82
2390,3,2,410
750,2,1,38
1550,3,3,64.5
1760,3,2,88
1125,2,2,62
1991,4,2,103
1060,2,1,26.5
1105,2,1,75
985,2,2,67
1590,3,2,79
1120,2,2,55
1069,2,1,55
1933,3,2,140
1194,2,0,69
1150,2,3,69
1419,2,2,48.1
1450,3,2,55
1630,3,2,68.29
708,1,1,40
1250,2,1,76
1400,2,1,95
1750,3,2,100
1404,2,1,71
1715,2,2,95
630,1,1,34.65
1752.12,3,2,135
1295,2,1,55.47
1800,3,2,252
1346,2,1,74.03
1150,2,2,55
3309,4,3,325
1190,2,2,30.35
1620,3,2,98
5000,9,3,360
2450,3,0,120
1220,2,1,35.23
850,2,1,30
1150,2,2,126
1760,2,2,130
900,2,1,40
1130,2,1,42.16
1320,2,1,165
1200,2,1,62
929,2,0,50.17
1150,4,2,260
1200,5,2,190
1130,2,2,60
1753,3,2,120
4500,7,3,337
1196,2,2,94.42
1150,3,3,52.5
1128,2,1,63
1000,2,1,53
1035,2,1,45
1075,2,1,36
1040,2,1,48.5
1511,3,1,95
1545,3,1,68.75
1000,2,1,35
883,2,1,45
1195,2,1,70
1246,2,1,67
2805,5,3,154
1353,2,2,110
1599,3,2,125
1150,2,1,70
5230,6,1,465
1155,2,2,42.74
1867,3,1,160
1251,2,1,47
1028,2,1,45.5
1222,2,2,45
1170,2,1,66
2400,4,1,245
1372,2,1,68
1282,2,2,49
5000,9,3,210
1135,2,1,39.73
1325,2,1,90
1599,3,2,99
3450,5,2,260
1102,2,2,53.67
1350,2,2,54
525,1,1,27.25
656,2,1,25
1056,2,1,80
595,1,1,33.32
2225,3,1,160
1126,2,1,28.15
1490,3,1,84
1550,3,3,100
4144,4,3,315
2100,3,2,125
1404,2,1,69.3
2230,4,3,225
1305,2,1,58.7
1230,2,2,80
715,1,2,46
2500,3,2,313
1578,3,1,180
1020,2,1,40
1253,2,1,102
1180,2,2,42
961,2,2,38
1709,3,2,150
1260,2,2,45
1630,3,2,85
1249,3,2,44.71
1450,2,3,85
2791,3,1,223
834,1,1,60
891,2,1,25
1133,2,1,49.07
1075,2,1,37
1090,2,1,42
1920,3,2,134
1374,2,2,95
711,1,1,36
1500,3,3,95
1720,3,3,100
1200,2,1,85
1375,3,2,70
2250,3,2,160
1000,2,2,50
469,1,0,25
3800,4,3,250
883,2,1,29
1820,2,3,86
2500,5,2,325
750,1,2,40
2378,3,1,262
1128,2,1,60
1500,3,1,150
1100,2,1,58
1200,3,2,46
1641,3,2,66
1260,2,1,67.39
1210,2,1,45.98
1075,2,1,45
1702,3,2,130
1630,2,2,200
1141,2,2,38.55
35000,3,3,130
1875,3,2,165
1200,3,2,140
1140,2,1,56
1683,3,1,109
2118,4,2,111
2300,3,3,120
1240,2,2,60
1750,3,1,120
985,2,1,40.39
1500,2,1,87
950,2,1,44
1090,2,1,28.34
810,2,2,24.5
1045,2,0,45
1337,2,1,82
1580,3,2,160
1500,2,3,54
1640,4,2,91
1570,3,2,62
1470,2,2,82
1050,2,1,71
1855,3,1,225
1460,2,1,90
1094,2,2,42
1153,2,2,57
1325,3,1,57
1590,2,2,125
1202,2,1,48
1200,2,3,62.5
1688,3,1,118
1020,2,1,52
1185,2,2,47
1235,2,1,52.04
3205,5,1,500
1415,2,3,66
2330,3,2,162
805,2,2,35
1155,2,3,59.95
1100,2,0,48
1468,2,1,140
4300,5,2,550
2280,4,2,126
1341,2,1,97
2225,4,0,98.88
1185,2,2,43.51
1750,3,2,85
1152,2,1,53.5
1300,2,3,36
1101,2,0,45
667,1,1,36.85
1070,2,1,55
1875,2,2,110
735,2,1,57.99
1215,2,1,67
820,2,1,30
1779,3,2,89.61
1105,2,2,58
1650,3,2,60
1694,2,2,150
2376,3,1,203
674,2,1,33
1185,2,1,41
445,1,0,28
1618,3,3,82.5
1120,2,0,65
2181,3,2,152
1556,2,1,59.13
1179,2,1,66.02
1296,2,2,83
1275,2,2,52
1222,2,1,63
940,2,1,41
1185,2,2,42.6
1779,3,2,112
1615,3,2,59.76
1056,2,1,61
920,2,1,40
1602,2,0,75
1717,3,3,99
2119,4,3,111
1246,2,1,67.3
1141,2,1,42.79
1025,2,2,27.68
650,1,2,33
1349,2,1,98
1566,3,1,83.3
2830,3,3,195
1091,2,1,34.9
3670,4,3,300
1950,4,0,130
1705,3,2,95
1375,3,2,75
525,1,1,30
1114,2,1,39
1450,2,1,100
1000,2,2,45
1128,2,1,68.75
1180,2,2,57
1339,2,3,75
1040,2,1,39.52
1691,3,2,113
1075,3,2,36
1665,3,2,86.58
1142,2,2,70
1976,3,1,184
1175,2,2,51.47
1200,2,2,52
995,2,1,41
884,2,1,41.1
1170,2,2,57
1225,2,1,46.55
1342,2,1,73.3
1320,3,0,65
1140,2,1,49.39
1300,2,1,50
2072,4,2,142
1360,2,1,71
1145,2,2,60
1540,2,0,40
1278,2,2,95
630,1,1,40
1100,3,2,58
1200,3,0,95
1015,2,2,25.88
1180,2,1,69
1116,2,3,51.91
1070,2,1,42.79
1385,2,3,80
1005,2,1,55.78
1575,3,2,125
975,2,1,65
1904,3,2,120
525,1,1,26
2400,3,1,150
1174,2,1,69
2225,2,1,125
1250,2,0,200
918,2,2,52
1170,2,3,53
1710,3,2,107
1082,2,1,57.5
1554,3,2,55
1045,2,1,98.89
1935,4,2,130
1680,3,2,150
2470,5,2,247
2825,4,3,250
2480,3,1,330
1799,3,3,90
400,1,1,11
1047,2,1,82
1282,2,2,87
1495,2,1,79.5
3260,4,1,240
3500,5,2,425
1500,2,2,95
1540,3,0,50
1639,3,1,80
1303,2,2,55.79
1005,1,1,110
1305,3,1,33.28
1440,2,3,68
1725,3,3,200
1535,3,2,65.99
1464,3,2,56
1350,2,3,80
650,2,0,42
950,2,3,31
1190,2,1,49.98
1891,3,1,109
1161,2,1,55.15
665,1,1,36.85
1425,2,2,80
1255,2,2,67
2112.95,4,2,145
1810,3,2,100
1400,2,1,40.43
1485,2,2,67
1025,2,1,44.5
2268,3,2,163
1100,3,2,53
1141,2,0,62
400,1,1,12
1843,3,2,95.84
1530,2,2,74.5
1246,2,1,64.5
711,1,1,38
1194,2,2,46
1358,2,1,43.4
1420,2,2,75
1209,2,1,50
1315,2,1,54.8
1600,2,2,65
1563,3,2,52
1560,2,2,72
3235,3,1,235
1140,2,2,46
1100,2,2,70
1036,2,1,50
1662,3,3,85.1
1464,2,3,105
1234,2,2,80
1403,3,1,55
3900,4,2,410
1405,2,2,70
2805,4,3,154
1161,2,2,64.08
1290,2,3,74
2557,3,2,141
1480,3,2,90
1350,3,0,54.54
1580,2,2,65
1346,2,1,61.92
1200,2,2,35
1340,2,2,48.33
918,2,2,48
1500,3,2,115
1315,2,2,85
1330,2,1,56
1824,3,3,125
1420,2,2,96
1260,2,1,60
1561,3,2,95
1225,2,1,67.38
2144,3,2,135
880,2,2,29
1639,3,2,110
1240,2,1,62
1243,2,1,46
1082,2,1,56
1665,3,2,86.58
1265,2,0,56.93
1691,2,2,102
1100,2,1,38
3205,5,1,380
1115,2,2,50
1070,2,1,45
1128,2,2,105
1162,2,1,57
1339,2,2,55
1192,2,2,75
1920,3,1,115
1255,2,1,52.32
1357,2,1,115
1225,2,2,55.11
2400,4,3,200
1093,2,2,70
1865,3,3,145
1039,2,2,80
1246,2,1,64.5
1985,3,2,75
1590,3,3,49
4000,4,2,675
775,2,2,38
1000,2,1,50
1800,3,2,175
1035,2,1,41
1520,2,1,75
1360,2,1,95
6000,5,3,400
1117,2,2,56
1200,4,3,120
1330,2,1,92.5
1937,3,2,160
1128,2,1,65.49
1053,2,1,45
1198,2,1,77
1152,2,1,56
1625,2,1,75
1397,3,3,105
1523,3,3,170
883,2,1,45
700,1,0,38
1170,2,1,62.5
1200,2,2,42
1897,3,2,120
1875,3,2,110
3095,3,3,350
1390,2,1,175
697,1,0,45
710,1,1,27
910,2,1,30.5
1025,2,1,48
3335,5,2,300
1024,2,2,42
1620,3,2,62
1254,2,2,40
1300,2,2,75
1510,2,1,105
950,2,1,65
1945,3,2,97.42
1008,2,3,45
1265,2,1,79
1255,2,1,77.68
2689,6,2,220
1403,3,3,51.63
1535,3,2,85
1475,2,2,120
1133,2,2,55
1697,3,2,94.79
1560,3,1,188
1192,2,1,60
1349,2,2,78
1680,3,2,120
820,2,0,39
5000,4,3,400
856,2,3,40
1621,4,0,130
1484,3,2,52.5
14000,3,2,800
500,1,1,20
550,1,1,16
1384,3,2,62.28
1150,2,1,49
2150,4,1,100
1508,3,2,70.25
1040,2,2,50
1240,2,1,60
1535,3,1,78
1180,2,2,75
1400,2,2,78
4800,4,3,525
1984,4,1,146
3000,5,3,250
1960,3,3,160
1035,2,1,45
1700,3,2,115
3024,5,1,248
1586,3,1,100
2325,4,1,120
1120,2,2,55
1128,2,2,59
924,2,2,65
1600,3,2,52
1200,2,2,55
957,2,1,56
1140,2,2,41
1050,2,1,67
1190,2,3,57
1558.67,2,2,65
1403,2,2,60.81
1542,2,3,85
2750,4,0,220
3596,5,1,290
1596,3,1,105
1009,2,1,38.34
1726,3,2,81.99
1535,3,2,86
3100,4,2,465
665,1,0,50.75
925,2,2,48
1395,2,1,63.59
1415,2,1,55
1419,2,2,59
1121,2,2,78
1100,2,1,47
1606,3,3,89.55
4634,4,3,1015
1206,2,3,75
1495,2,0,64
710,2,2,16
1523,2,2,53.4
1232,2,2,45
680,1,1,44
1355,3,1,83.87
1430,2,2,51.46
1070,2,1,56.1
1610,3,1,90
1140,2,2,43
1143,2,2,38.65
3467.86,6,3,249
1530,2,2,74.4
980,2,2,69
1485,3,2,65
1500,3,1,130
1280,2,1,75
1265,2,2,85
1262,2,2,63
940,2,1,49
1300,3,3,150
890,2,2,45
2060,3,1,149
1730,3,1,96
2195,4,2,127
1085,2,1,36
1639,3,1,98.32
1739,3,1,116
935,2,1,32.72
510,1,1,25.25
1178,2,3,47
1375,2,1,50
1065,2,1,33
1835,2,3,155
2090,4,0,95.1
1519,3,1,93
1267,3,2,56
1150,2,3,72.2
1146,2,1,70
1550,3,3,65
850,1,1,18.5
1610,3,2,74
921,2,2,40
1700,3,3,110
1020,2,2,35
1090,2,3,52
1185,2,2,42.1
850,2,1,25
1197,2,1,84
3500,3,3,450
1105,2,1,65
1850,3,3,100
1300,3,1,64
3073,5,2,696
900,2,1,46
1654,3,2,100
1367,2,2,62
1010,2,1,51
1535,3,1,95
1330,2,1,71
2500,3,2,135
1410,3,1,65
1614,3,2,95
1363,2,2,68
930,2,1,45
1890,4,3,127
2197,4,3,280
3522,3,2,380
1440,2,2,98
764,1,1,32
1693,3,3,57.39
1445,3,2,65
900,1,0,45
1381,2,2,52.48
1100,2,1,60
1200,2,2,43.2
1080,2,2,80
1865,3,1,124
1157,2,1,75
674,2,1,29
1405,2,1,78
1160,2,2,44.08
1790,3,2,127
1128,2,1,65.65
1180,2,1,70
1125,2,2,40
1246,2,1,68
1372,2,1,61
1330,2,1,56
2465,5,2,234
1065,2,1,35
1050,2,1,45
865,2,0,42
1756,3,3,100
628,1,1,24
1765,3,1,125
1532,3,3,92
1650,3,0,110
804.1,2,1,69.09
1200,2,2,66
1385,2,2,48.48
1010,2,3,148
2225,3,3,115
1180,2,2,48
400,1,1,14
1200,2,2,50
1272,2,1,95.05
1205,2,1,39
980,2,1,40
1610,2,2,111
1694,2,2,125
950,2,1,39
1560,2,3,66
910,2,2,42
1291,2,3,49
1012,2,1,66.5
1282,2,2,72
1843,3,2,92.15
3356,5,2,105
2790,5,3,198
1330,2,1,86.98
1400,2,1,73
1297,2,2,103
1490,3,2,100
1373,3,2,72
1750,3,2,95
1052,2,2,50
1128,2,2,38.24
1120,2,2,33.6
1090,2,2,32.69
1330,2,2,46.55
1427,2,1,80.63
1580,3,2,75
1808,4,2,80.27
3516,4,3,540
1194,2,2,47
900,2,1,46
900,2,1,46
1390,3,1,120
845,2,1,33
1537,3,3,120
1512,3,2,75.77
1230,3,3,54
1378,2,3,42.33
1277,2,1,61.3
1985,4,2,189
1210,2,2,62
3198,4,3,200
2483,5,2,215
4111,4,1,310
975,2,2,37.5
1690,3,1,125
1063,2,1,31.89
1600,3,0,80
520,1,0,19.5
1390,3,2,68
1185,2,2,40
1219,2,2,48
1564,2,1,92
1100,2,2,37.1
1300,2,0,60
1482,2,1,92
1000,4,3,66
1469,3,1,89
1205,2,1,78.5
1745,3,2,125
1028,2,1,42
1700,3,1,180
1200,2,1,34
2700,4,1,270
1100,2,2,50
1269.72,2,2,68
1266,2,2,59
1060,2,1,62
1168,3,0,70
1552,2,1,51
500,1,1,17
1300,2,2,65
920,2,2,33
1310,2,1,50
1515,3,3,93.93
1157,2,1,53.8
3000,4,3,160
1530,2,2,74.39
2070,3,3,162
1815,3,2,82
3900,4,3,300
1000,2,1,28.88
1232,2,2,89
1282,3,2,178
654,1,1,38.4
1075,2,1,45
1616,3,1,75
1306,3,2,54.65
1626,3,3,89
1585,3,2,88
1495,2,2,90
1645,3,2,100
1760,3,3,176
595,1,1,42
1200,3,1,125
1410,2,3,67
1300,2,2,60
1890,2,2,85
1254,2,1,53
1170,2,2,86
1193,2,1,86
1678,3,3,70
1600,3,3,75
1750,3,2,84
2800,2,0,200
1000,2,1,50
1320,2,1,38.13
2422,4,2,160
1100,2,1,50
882,2,1,30
845,2,1,37
883,2,1,39
1595,3,3,88
1280,2,0,85
920,2,0,35
1300,2,3,57
1450,1,0,230
1757,3,2,132
1330,2,1,93.36
1062,2,1,42.47
1078,2,2,45
1460,2,2,72
2028,4,3,162
980,2,1,45.47
1000,2,2,40
1050,2,1,62
1875,2,2,150
1725,2,2,100
1128,2,2,75
1705,3,1,74.16
1100,2,2,50
812,2,2,55
1420,2,2,136
2800,3,1,330
1650,3,3,175
840,2,2,27
914,2,2,47
1482,2,2,83.73
1724,3,2,127
1670,3,3,91.86
927,2,2,55
1220,3,1,35.23
1360,2,1,75
1180,2,2,72
1697,3,2,108
1225,2,1,57
1690,2,2,55
1250,2,1,80
1050,1,1,44
1699,3,3,81.94
1205,2,2,58
1476,3,1,120
2160,4,2,172
1296,2,1,75
1570,3,3,64.5
1300,2,3,110
770,1,1,40
1429,3,3,86
1035,2,1,41.73
884,2,2,36
1026,2,1,60.87
2690,4,3,191
975,2,1,58
1700,3,3,135
3606,4,2,312
1258,2,2,115
3630,6,1,195
2000,3,2,250
2790,4,3,198
1494,2,2,94.55
1482,2,1,87
800,2,3,50
1100,2,2,71.5
1225,2,2,150
1180,2,2,50
1260,2,2,58
1190,2,2,55
1691,3,2,119
1250,2,2,65
800,2,2,28
1020,2,1,58
1510,2,1,75
1614,3,1,110
1632,3,0,145
3012,6,2,250
1450,2,2,135
1200,2,2,75
1508,2,1,110
1188,2,3,73
2690,4,3,199
1174,2,1,76
1350,3,1,58.99
1870,3,3,185
1072,2,1,25
726,2,1,31
1345,2,2,106
1200,2,2,45
1050,2,1,77
1743,3,2,85
950,2,2,32.5
640,1,0,55
972,2,1,44
1840,3,3,98
1128,2,1,64
2400,2,1,95
1150,2,2,63
3450,4,3,294
920,2,2,46
1564,3,1,101
1045,2,1,45
2479.13,3,1,215
1846,3,2,140
3042,4,0,131
1640,3,3,223
1068,2,1,40.05
1135,2,2,58
1150,2,3,42
1354,3,1,90
1320,2,1,110
3500,6,2,225
1000,2,1,36
1130,3,1,38
2204,2,3,305
1745,3,2,104
1550,2,3,70
1329,2,2,45.95
916,2,1,42
688,1,2,50
1358,3,3,50
1331,2,1,107
686,1,1,62.5
1050,2,2,50
2106,3,2,126
1718,3,2,90.2
1530,3,2,57
1075,2,3,52
1936,2,2,54.21
2172.65,3,3,120
1117,2,3,29.99
1685,2,1,110
740,2,1,37
1800,3,2,115
1700,3,2,130
850,2,2,37.93
1891,3,1,139
1400,1,1,80
896,2,1,43.75
1180,2,2,65
850,2,1,33
1699,3,3,97
2025,4,3,109
500,1,0,20
2475,4,3,332
1455,2,1,145
1521,3,1,94.99
3155,4,2,370
1765,3,3,105
1980,3,2,88
1265,2,3,70
1034,2,3,40
1070,2,1,54
2045,4,3,154
1490,2,2,98
671,1,1,36.85
1156,2,2,32
2017,3,2,125
3122,6,2,235
1635,3,1,62
1296,2,1,89
1139,2,2,62
1245,2,1,86.28
3951,4,2,220
550,1,1,15
360,1,1,26
1670,3,2,120
1050,2,1,57
1210,2,1,58
1140,2,2,43
1343,2,2,56.41
925,2,2,51
1420,2,2,75
1415,2,3,110
1210,2,2,60
1852,3,2,160
1250,3,2,50
1100,2,1,65
1100,2,1,53.35
1350,1,0,100
1546,3,2,99
1424,2,2,90
1398,3,1,68
1650,3,2,200
1476,3,2,105
1322,2,2,58.82
1285,2,2,68
1150,2,2,80
1430,2,2,56
1185,2,2,65
1760,3,2,67
1297,2,1,105
1840,3,2,155
950,2,1,52
1571,3,2,89
1031,2,1,55
1485,2,1,90
1109,2,1,60
950,1,1,50
1161,2,1,55.15
1003,2,1,40.6
1255,2,2,73
1875,3,1,167
1330,2,1,47
2519,5,2,185
1450,3,3,132
1837,3,3,145
1238,2,3,55
1405,2,2,59.01
1673,3,2,115
1112,2,2,40
545,1,1,27
985,2,1,58
1430,2,1,97.52
1050,2,2,43
1533,3,2,115
1750,3,2,150
1352,2,2,87.5
1754,3,2,125
1560,3,2,85
3012,6,2,268
1470,2,1,90
1035,2,1,45
1100,2,2,52
595,1,1,31.83
1650,3,2,110
1235,2,1,46.8
1400,3,1,115
1375,2,3,85
1065,2,1,40.84
825,1,1,45
1440,2,2,60.33
870,2,1,39.5
1195,2,1,84
1530,3,3,61.2
975,2,1,43
1920,3,2,130
1183,2,1,58.56
1550,2,2,65
1110,2,3,53
1105,2,1,38.67
3067,4,2,230
1929,4,1,103
1525,3,1,100
1775,3,3,110
1125,2,1,63
1268,2,1,73
1500,3,2,88
630,1,1,47
1525,3,2,65
1060,2,2,48
1687,3,3,127
1847,3,2,123
1410,2,3,53
1075,2,1,42.99
1010,2,2,46
1875,3,3,110
983,2,1,50.6
1140,2,1,76
1215,2,2,110
2039,3,2,168
1350,3,1,55.5
921,2,1,34
1010,2,1,49.27
1015,2,1,43
1179,2,1,75
870,2,1,24
2475,4,3,320
1000,1,1,55
1200,2,1,66
1255,2,1,57.5
1085,2,2,30.38
1934,3,2,150
1200,2,1,49.5
3600,6,2,120
935,2,1,45
877,2,2,30
936,2,2,42
1232,2,0,69.61
2225,4,2,169
1901,3,2,119
1819,3,2,100
5000,4,3,290
1845,4,1,110
1140,2,2,46
2254,3,2,170
1750,3,2,150
1020,2,1,37
1893,3,2,140
3025,3,0,500
1075,2,1,90
1200,2,1,78
1233,2,2,77.65
1255,2,2,65.26
1525,2,2,60
1240,2,1,84
1245,2,1,68
1075,2,1,35.99
1155,2,1,60
1520,2,3,62
3122,6,2,245
1290,2,1,85
900,2,1,95
987,2,1,49
1720,3,2,100
1040,2,1,50
1030,2,1,50
2556,3,2,133
1850,3,1,168
1270,2,1,83
1050,2,2,85
946,2,1,38
1726,3,3,145
2121,4,3,253
1404,2,1,75
1025,2,2,57
4800,5,3,629
1040,2,2,46
1310,2,2,80
1788,3,2,98.34
1144,2,2,38.55
1646,3,2,79.5
4395,4,2,242
1995,3,2,135
1085,2,1,47.74
1139,2,2,56.8
1767,3,2,98
1692,3,2,88
1345,2,1,57
1100,2,1,60
1408,3,3,62
2072,4,2,150
1420,2,1,158
1063,2,1,31.9
1430,2,2,56
1760,3,2,145
2010,3,3,92
1480,2,2,64.23
4850,6,2,385
1100,2,1,52
1752.12,3,2,116
1942,3,2,102
1000,2,2,53
668,1,1,36.85
1800,3,3,90
1036,2,3,39.35
1583,3,3,105
1100,2,2,65
1246,2,1,65
850,2,3,28
1196,2,2,51.51
1697,3,2,114
3750,6,3,290
1022,2,2,52
1018,2,0,23.45
1322,2,2,68
1800,4,2,145
2400,3,1,260
1635,2,2,85
3526,4,1,558
2770,3,1,460
1533,3,2,85
1720,3,1,134
1185,2,2,75.84
395,1,1,10.25
1031,2,1,56.35
2650,4,2,240
1330,2,2,46.55
1259,2,2,57
1570,3,2,88
1075,2,1,36
1216,2,1,79
1428,2,2,66
1475,3,2,70
1804,3,2,102
1260,2,2,46.62
2160,3,2,160
1300,2,3,65
605,1,1,29
1444,2,1,75.97
845,2,1,29
700,2,1,35
1625,3,2,55
1452.55,2,3,110
1139,2,2,56.85
1660,3,3,75
1170,2,3,105
1448,2,2,68
1762,3,3,110
1105,2,1,38.65
1825,3,1,105
296,1,0,22.89
1185,2,2,43
1320,2,1,38.12
1058,2,1,48
1200,2,1,72
1550,3,2,78
2503,4,0,188
2524,5,2,190
1045,2,2,76.77
1290,2,3,45.15
1400,2,1,78
1680,3,1,112
1634,3,1,83.33
1352,2,2,85
1145,2,2,65
2200,3,2,190
1168,2,1,61
1205,2,1,75
1195,2,2,100
1550,2,2,90
1603,3,2,96
1405,2,2,77
1142,2,1,51
1870,3,2,90
1313,2,2,73
1945,3,3,120
1573,3,2,95
1255,2,1,92
1380,2,1,52
1279,2,2,48
2526,2,2,250
1845,2,1,68.27
1360,2,1,59.27
1260,2,2,49.5
965,2,1,42.5
1350,2,3,48
1447,2,1,75.97
1153,2,1,48.5
1065,2,2,50
1030,2,3,61
1410,2,3,44.42
1055,2,2,45.35
1304,2,1,79
990,2,1,31.5
1300,2,2,73
1239,2,1,82
1403,3,3,51.63
1365,2,1,92
1165,2,1,135
1776.42,3,2,105
1107,2,2,33
1520,3,3,80
1536,3,1,89
1050,2,1,38
1850,3,2,146
1112,2,2,62
1250,3,2,65
1187,2,3,52
1395,2,1,62.78
2072,3,2,108
1450,3,3,60.91
1550,3,2,82
3067,4,3,230
1210,2,2,72
1075,2,1,47
11338,9,1,1000
1470,2,2,75
1590,2,2,125
1050,2,1,36.75
1306,2,1,55.91
2000,3,2,250
3190,3,1,160
1215,2,1,51.26
1920,2,1,88
1196,2,0,71.74
1550,2,2,75
1418,2,2,101
1115,2,2,33.45
1170,2,2,68
1035,2,2,38.3
750,2,2,22
1917,3,3,122
1615,3,3,58
1325,2,2,119
1246,2,1,82
1215,2,0,40
1200,2,2,49.5
1200,2,2,60
1175,2,1,52
920,2,1,63
3024,5,1,350
955,1,2,34.01
1750,3,3,100
1425,2,2,64
2150,3,2,265
1050,2,2,48
1370,2,2,75
1374,2,1,72
1754,3,2,124
1847,3,2,110
1850,4,3,139
3297,3,1,135
1187,2,2,45
3000,2,2,120
693,1,1,34.3
1980,3,2,224
1021,2,1,48
1165,2,2,95
1756,3,2,92
1739,3,1,105
950,2,1,46.5
1080,2,0,53.35
1100,2,2,55
3200,4,1,205
1311,2,1,78
1608,3,1,67.98
1170,2,1,71
1255,2,1,77.68
674,1,1,21
2257,4,2,157
1530,3,3,51.87
1575,2,2,78
3500,4,2,330
1263,2,1,93.32
1043,2,2,65
1255,2,2,53.5
590,1,0,13.57
1550,3,1,120
1900,3,3,160
1455,3,2,73.31
1035,2,1,40.5
1299,2,2,82
1157,2,1,75
1050,2,2,52.5
1025,2,0,37
1124,3,2,80
1012,2,1,54.59
4500,5,3,250
871,2,2,55
1020,2,2,40
1550,3,3,73.5
1410,2,2,80
3500,5,3,150
1118,2,1,75
1098,2,1,68
1145,2,2,75
1051,2,1,33
1478,2,2,125
645,1,1,16.45
823,2,1,50.63
1991,4,2,100
1745,3,2,115
1450,2,1,58
1843,3,2,95.84
1132,2,2,42
1375,2,2,80
760,1,2,50.3
918,2,2,45
1372,2,1,61
1728,3,2,95
2215,3,1,275
1200,2,2,80
1455,2,2,56
440,1,0,28
1500,3,2,97
1225,2,1,53.55
880,2,1,18
1005,2,1,42
1562,3,2,103
5000,5,2,395
1190,2,2,67
1070,2,2,50
1020,2,1,42.48
1300,2,1,49
1420,2,1,123
1069,3,2,65.4
1900,3,3,123
1655,2,1,97.65
1155,2,2,40.42
1300,2,2,70
1100,2,2,45
1030,2,2,42
2105,2,1,70.2
1700,3,2,126
1760,3,2,139
912,2,1,55
1535,3,1,55
1243,2,2,46
918,2,2,63.2
1500,2,3,70
1476,3,0,89
606,1,0,34.78
527,1,0,26
1300,2,2,80
1140,2,1,75.2
2321,4,1,128
1725,3,3,90
3067,4,1,310
1186,2,1,63
1230,2,1,85
660,1,1,54
1036,2,2,105
1100,2,1,70
1015,2,1,56
2167,3,3,170
1165,2,2,75
1274,2,2,70
1151,2,2,39.02
1626,2,2,120
1570,2,2,65
780,2,2,25
904,2,1,30
1121,2,1,43.72
1385,2,2,58.17
1270,2,1,69.85
1450,3,3,56
1580,3,3,53.56
1111,2,1,50
977,2,2,36
2540,4,1,115
1290,2,1,100
795,2,1,32.54
700,1,1,35
1463,1,1,142
1670,3,0,135
1875,2,3,235
1200,3,1,90
2065,4,1,210
1225,3,1,40
900,2,2,56
1350,2,1,91
700,1,0,36
1043,2,2,55
1040,2,2,46
1357,2,2,65
1549,3,2,65
1400,2,2,100
1080,2,2,50
1180,2,2,100
1800,3,2,150
1225,2,1,67.38
1005,2,1,39.59
1320,2,1,95
1110,2,2,51
1128,2,1,65.35
1452.19,2,1,100
2600,4,1,135
2500,4,2,325
960,2,2,32
735,2,1,35
2849,5,0,300
1420,2,1,99.39
850,1,1,32
1575,2,2,110
1418,2,2,104
1065,2,1,42.6
1160,2,1,33.5
1092,2,2,44
1194,2,2,47
1455,3,1,61.5
734,1,0,19.82
799,2,1,38
1100,2,1,48
1128,2,1,65
3875,3,2,864
1098,2,1,43.91
1460,3,2,88
1091,2,1,32
1180,2,3,42
1366,3,1,76.85
1685,3,2,95
1260,2,3,100
3010,3,2,200
1346,2,1,96.17
630,1,0,13.86
1850,3,2,140
755,1,1,34
1194,2,2,46
4235,4,2,365
2250,3,1,195
1352,2,2,68
2002,3,2,112
4000,5,1,280
1060,2,2,45
1419.59,2,1,59
1196,2,2,51.15
1595,3,2,75
1260,2,3,75
1550,2,2,140
4000,5,1,150
1662,3,2,85
1862,3,2,119
1419,2,2,48
1560,2,2,62.4
1634,3,3,78
5530,5,3,627
1392,2,1,99
1798,3,1,120
1675,3,3,75
1700,3,2,124
1248,2,1,69
1147,2,1,54
1100,2,2,40
1527,3,2,115
525,1,1,25
1100,2,3,58
2100,3,1,75
1332,2,1,79
1243,2,2,46
1200,2,2,50
1251,2,1,47.4
883,2,1,45
1400,2,3,67
1800,3,3,260
1703,3,2,113
933,2,2,43
1262,2,1,75
915,2,2,48
1370,2,2,61.5
1210,2,3,55
2392,4,2,260
1445,2,3,40.31
1300,2,1,55
1300,2,1,85
1185,2,2,30.22
1385,2,1,83.09
1149,2,1,75
2180,3,2,170
1200,5,0,195
1818,3,1,135
1640,3,2,241
1350,2,2,54.6
1430,2,2,113
1084,2,3,55
1186,2,1,56
1255,2,2,50
3400,5,3,240
1541,3,1,69.84
3596,5,1,282
1295,2,2,70
1370,2,2,54.79
1100,2,1,40
4772,6,2,510
1370,2,1,170
1200,2,2,62
1178,2,3,73
1286,3,2,61.44
1160,2,2,42
918,2,2,55
1563,3,2,91.84
3960,5,3,386
1325,2,2,50
1100,2,1,44
3875,3,2,800
1605,3,2,50
1260,2,1,60
1553,3,2,83.09
1280,2,2,52
1550,2,2,75
1550,3,2,74
1515,2,1,80.91
1332,2,1,86.12
1652,3,2,70
1570,3,1,105
5400,4,3,725
794,1,1,60
3600,3,2,410
2800,3,2,250
1750,3,2,110
1100,3,2,53
1665,3,3,70
4051,4,3,345
1447,3,2,80
1012,2,1,75
1900,3,2,60
1308,2,2,92.66
1140,2,2,49.11
1290,3,3,45.15
1424,2,2,90
1662,3,2,85.5
8321,5,3,2700
1200,2,2,45
1777,3,2,100
1576,3,2,59.1
648,1,1,31.75
1167,2,1,38
2350,5,1,327
1991,3,2,160
2721,3,2,113
2000,3,2,99
2500,4,3,155
1325,2,2,70
1314,2,3,68.2
2220,4,2,65
1420,2,1,99.39
1888,4,1,95
1300,2,1,90.87
1216,2,0,97.16
1290,2,1,87
1900,2,1,200
1300,3,2,60
1115,2,1,33.45
2409,3,2,360
2150,4,2,125
1305,2,1,69
1252,2,1,56.32
545,1,1,35
1313,2,2,66.5
1160,2,1,41.75
1255,2,2,79
900,2,1,45
1700,3,2,90
1875,3,1,180
1700,3,2,88
1749,3,2,115
1200,2,2,50
1610,2,2,115
1070,2,1,46
1210,2,1,102
4190,4,3,380
1364,2,2,70
2268,3,0,146
1345,2,2,55
1110,2,2,41
750,2,1,36
1156,2,2,49.5
1247,2,1,59.8
950,2,1,48
1520,2,1,103
2350,3,2,174
1672,3,2,150
920,2,1,37.46
1200,3,2,70
1250,3,2,139
1140,2,2,46
1464,2,2,56
1468,3,2,130
1555,2,1,82
1150,2,0,55
1166,2,1,53
2779,3,1,317
1350,3,2,58
1190,3,1,55
1495,2,2,75
1224,2,2,105
1350,2,2,68
940,2,1,56.8
1100,2,1,55
1300,2,2,61
2600,3,2,200
1517,3,2,76.3
1365,2,2,73
1000,2,3,25
1392,2,1,98
1586,3,3,93.94
1065,2,1,30.75
1575,2,2,120
1745,3,2,110
1223,2,1,60
1200,2,0,90
665,1,1,46.08
1351,2,2,70
1355,3,1,83.87
1370,2,2,75
1247,2,0,53
1020.07,2,1,68.38
1460,2,3,73
1665,2,3,125
1295,2,2,64
1230,2,1,78
1000,2,1,60
1697,3,2,115
3537,5,3,210
615,1,1,28.29
1350,2,0,83
1083,2,1,32.49
1460,2,2,65
1035,2,1,41.43
460,1,1,21
1285,2,2,55.9
1200,3,2,78
1070,2,1,35
1801,3,2,140
1697,3,2,115
1199,2,2,65
2300,3,1,220
3800,4,3,205
1125,2,1,75
1050,2,3,41
956,2,1,49
1000,2,2,30
1596,3,0,95
1296,2,3,89.06
1639,3,3,123
1219,2,1,61.25
2559,3,2,141
1427,2,2,48.51
920,2,3,65
1530,2,2,90
2363,5,2,120
3895,4,3,220
1950,3,2,131
885,2,3,40
1339,2,2,62
1130,2,1,36
1430,3,2,72
1451.5,4,1,121
925,2,2,63
3016,4,3,230
1215,2,2,39
1336,2,2,100
673,1,1,36.85
1470,2,2,61.74
1785,3,2,94
650,1,1,20
1220,2,1,43.92
1570,3,1,115
1665,3,2,86.91
4000,5,2,600
1350,2,1,87.01
1719,3,2,116
664,1,1,35
1011,2,1,50.53
1520,2,2,150
1350,2,2,53
875,2,1,33
1231,2,2,48
1174,2,3,74
1560,3,3,75
1750,3,1,180
2408,4,2,260
1080,2,1,44
1500,2,3,55
1030,2,1,34.5
1440,2,1,115
1500,2,1,84
1200,2,3,50
2240,5,2,155
1584.01,3,1,103
1340,3,3,77
1800,3,2,70
685,1,1,40
925,2,3,42
1230,2,2,57
1125,2,1,52
2400,3,2,149
1400,2,2,41.58
1858,3,1,98.3
3530,4,2,290
1335,3,2,89
1397,3,2,110
1200,2,1,130
1140,2,2,38.55
525,1,1,30
1205.47,2,1,81
1700,3,2,75
1090,2,1,54.54
923,1,1,60.84
3595,6,2,360
1050,2,2,48
1495,2,2,79.5
1400,2,1,48
944,2,1,35
1216,2,1,66.48
1743,3,2,93.25
1274,2,2,48.42
1512,2,2,110
1875,3,1,55
1151,2,1,43.1
832,3,1,77
915,2,1,38
1115,2,1,65.12
2072,4,2,139
1200,2,2,53
1300,2,2,65
1457,2,2,85
1262,2,2,55
420,1,1,17
1127,2,1,68
1397,3,2,104
1230,2,1,76
858,2,1,31.57
1868,3,1,121
1689.28,3,2,91.2
1310,2,1,85
1397,3,3,108
1157,2,1,40
1157,2,1,42
1241,2,1,82
660,1,1,62
4000,4,3,220
2340,4,1,148
596,1,1,42
1200,4,3,110
1910,3,1,190
1139,2,2,80
3122,5,2,225
1168,2,2,64.08
1340,2,2,75
1405,2,2,70
1750,3,3,149
1360,2,1,65
985,2,1,63
1850,3,2,150
1490,2,3,88
620,1,1,25
1080,2,2,55
1410,2,3,52.17
1290,2,1,94.5
1318,2,1,85.28
1128,2,1,68
4428,4,2,255
1051,2,2,56.74
2400,4,1,130
1327,2,3,85
2912,6,2,210
1301,2,2,55
1000,2,1,28.88
984,2,1,45.91
1819.18,3,1,160
1355,3,1,83.87
2145,4,1,270
2475,4,3,300
1304,2,3,100
1615,3,2,58
1400,2,2,68
1070,2,2,47.5
3500,3,3,395
1132,2,1,89.37
794,1,2,65
1090,2,2,43.59
1500,3,2,70
2059,3,2,225
525,1,1,30
1447,2,1,75.97
1269,2,1,75
1070,2,2,37.45
1185,2,1,45.5
1015,2,2,25.88
902,2,2,42
1365,2,1,122
984,2,1,51
1300,2,2,79
1550,2,3,160
4025,5,3,800
1845,3,3,91
1676,3,3,52
1137,2,1,63
1360,2,1,70.5
1374,2,2,70
1790,3,3,100
1033,2,2,48
2940,6,2,280
1240,2,2,52.6
883,2,1,39
1500,2,0,97
1730,3,3,139
1545,3,2,79
1200,3,1,120
1682,3,1,120
1371,2,2,65
1730,3,1,120
1500,3,3,102
1203,2,1,59.86
1600,3,2,76
350,1,1,13.5
1665,3,1,53
1444,2,1,80
1521,3,1,94.71
2760,5,2,157
1325,1,1,92
650,1,1,23
769,2,1,40
1571,3,2,105
1445,3,1,86.56
1590,2,2,135
902,2,2,49
1712,3,3,82
1920,3,2,150
1089,2,2,45
1106,2,1,43.09
1339,2,2,58
923,1,1,45.69
1175,2,2,75
975,2,1,55
2400,4,1,180
1330,3,2,72
1183,2,1,59.74
1255,2,1,77.68
1100,2,2,50
1170,2,2,46.8
1530,3,3,51.77
1420,2,2,107
1591,3,1,115
1680,3,2,120
1055,2,1,57.63
1918,3,2,129
1280,2,1,76
1560,3,3,66
1145,2,2,49.5
2106,3,2,126
1718,3,2,288
1306,3,2,54.65
1320,2,1,92
3800,5,3,300
1344,2,1,42
1190,2,1,75
1000,2,1,35
2400,2,1,160
1000,2,1,48.5
2113,3,2,155
1884,4,2,120
1110,2,1,40
1027,2,2,43
1200,3,2,165
703,1,1,52
1195,2,2,51
1302,2,1,69.1
1583,3,1,74.4
1488,2,3,60
1385,2,2,34.63
1600,3,2,104
1150,2,1,90
1299,2,2,85
1282,2,2,52.43
861,2,1,35
1600,3,2,95
1390,2,2,80
1195,2,2,44
1159,2,1,60
1386,3,1,57.46
1197,2,1,79
2690,4,3,191
1295,2,1,50.28
1132,2,1,79.28
2350,3,2,400
1645,3,2,135
1937,3,2,140
1015,2,2,33.5
1350,2,2,80.99
1149,2,2,29
1500,3,1,87
1566,3,2,97
1290,2,1,49.02
1839,3,3,165
1400,2,2,40.43
550,1,1,15
1140,2,2,39
1100,2,1,46
1200,2,2,55
2830,5,2,160
1315,2,2,74
1141,2,1,42.75
1080,2,2,55
1200,2,2,60
1111,2,2,41.88
1275,2,2,65
1135,2,3,43
1535,3,2,86
1392,2,1,130
1050,2,2,72
1513,3,1,103
1621,3,3,72
892,2,1,39
1205,2,1,40
1355,3,2,83.87
1400,2,2,168
726,2,1,35
1500,3,2,149
1170,2,2,46
1104,2,2,39
950,2,1,45
4818,4,3,390
1650,2,1,52
1559,3,2,127
1100,2,1,38
1750,3,3,150
1215,2,1,45.5
1868,3,1,135
1570,3,3,64.5
1225,2,2,55
1896,3,1,125
605,1,1,40
900,2,2,32.5
3216,4,1,226
1092,2,2,44
1255,2,2,74
1500,2,1,100
1296,2,2,72
1023,2,2,42
1020,2,1,44.5
1530,3,2,77
1605,2,3,85
1140,2,2,65
1725,3,2,130
1075,2,1,50
1574,3,1,93.34
1550,3,2,83
1205,2,2,60
1082,2,1,55
1215,2,2,52.85
2483,5,2,230
1452,3,3,60.98
1329,2,2,41
2600,3,2,195
1220,3,1,35.23
1255,2,1,80
1904,3,3,155
2135,3,2,160
800,2,2,30
1500,3,3,70
1880,3,2,95
1440,2,2,55
1097,2,1,33.82
1070,2,1,50
1000,2,1,58
1900,4,2,145
937,2,1,44
1075,2,1,60
936,2,2,43
1350,2,1,86
1325,2,1,70
1174,2,1,59
1890,3,2,162
1653,3,2,120
1075,2,1,52
1212,3,1,42
1100,2,1,50
3436,6,3,500
1532,3,2,83
2776,4,2,195
1531,2,0,75
1325,2,1,53
1156,2,2,44
1260,2,2,70
1934,2,0,90
1476,3,1,95
1185,2,1,85
1265,2,1,82
1195,2,1,70
1180,2,2,36.5
1050,2,1,49.87
929,2,1,48
1252,3,3,61
1485,3,2,115
1124,2,2,55
1482,2,3,97
1570,3,2,140
520,1,1,14.04
2000,3,2,160
1352,2,2,75
1152,2,1,65
1965,4,2,125
1300,2,2,70
1740,3,3,60
1788,3,2,90
1151,2,1,59
1300,2,2,60
1645,3,2,117
1175,2,2,82.5
1150,2,0,70
1007,2,1,65
4000,4,3,220
1080,2,1,45
1070,2,1,60
1532,3,1,115
1040,2,2,42.12
3100,3,3,250
1430,2,2,51.6
1827,3,3,100
1210,2,1,75
1500,3,3,95
1251,2,1,88.73
1600,2,2,115
1128,2,1,65.5
1820,3,2,93
2072,4,2,159
1510,2,3,59
1925,2,3,114
2651,2,2,225
2072,4,2,147
1000,2,2,36
1752,3,2,145
960,2,3,56
1180,2,2,63
2270,3,1,180
1180,2,1,46
1300,3,2,69
1305,2,1,59
2006,4,2,196
1290,2,1,80
1170,2,3,45
1400,2,3,78
1200,2,2,75
1155,2,0,60
1725,3,2,85
700,2,1,40
1112,2,1,88
1274,2,1,81
915,2,1,32
760,1,2,21.28
1540,3,2,68
1645,3,2,95
2342,3,2,115
1056,2,2,33
1161,2,2,36.69
1097,2,3,65
850,2,2,35
1715,3,2,115
1200,2,1,59
1400,2,1,78
1500,4,3,200
1640,3,3,88
1700,3,2,125
1110,2,2,38.85
1627.86,3,2,88
620,2,1,22
3004,4,2,285
1133,2,1,52
1182,2,2,82.5
1500,3,3,100
1200,2,2,58
1128,2,1,48.79
1100,2,1,45
635,1,1,22
1874,4,1,130
1171,2,2,75
1315,2,1,59.1
1760,3,2,110
1192,2,1,62
1645,3,2,121
1250,2,2,72
1369.1,2,1,104
1938,3,3,113
1636,3,2,85
1430,2,2,75
993,2,2,50
1270,2,2,78
7500,4,2,900
1109,2,1,63
1280,2,1,49.75
1600,3,2,180
607,1,1,35
1418,3,2,52.47
1125,2,1,65
1825,3,2,126
1320,2,3,79.5
1490,2,2,300
750,2,1,52.7
1400,2,2,80.54
4104,4,3,360
965,2,2,48
1100,2,2,43
1180,2,2,41
1145,2,2,48
1015,2,2,58
2400,3,1,165
3000,4,3,306
1300,2,1,109
1300,2,2,102
1512,3,1,123
1053.4,3,1,88.91
1153,2,1,65
1255,2,2,69
1583,3,3,109
1505,2,2,90
1810,4,3,148
975,2,1,63
1530,2,1,97
1300,2,2,39
1308,2,1,83
1194,2,2,47
1592,3,1,91
1222,2,0,112
1267,2,2,42.85
656,1,1,53
3400,4,3,530
1698,3,2,102
1500,3,2,70
1152,2,1,65.75
900,2,2,42
1419,2,3,73
990,2,1,40
1100,2,0,39
1095,2,1,35
1444,2,2,70
1415,2,3,67
1600,3,3,72
1105,2,1,41.36
1225,3,0,45.03
2560,3,2,265
1856,3,2,135
1464,3,2,56
1150,2,2,77
1485,2,2,67
2500,3,3,75
1036,2,1,59.46
3445,5,3,270
1400,2,2,80
1150,2,3,48
715,1,1,45
2283,4,2,130
1400,2,1,85
1400,3,0,65
1700,3,1,140
1591,3,1,120
1515,2,1,79
975,2,1,24.86
1382,2,2,76.18
1533,3,2,150
3815,3,1,763
3730,6,2,450
1391,2,2,64.5
1160,2,2,42.92
1482,3,3,60.98
1405,2,2,84.5
1190,2,2,40
1174,2,1,78
1411,3,1,93.04
745,2,0,50
1000,2,2,30
923,2,1,50
1000,2,2,32
1276,2,2,45
1460,3,2,70
833,1,1,49
1200,2,1,48
669,1,1,36.85
1790,3,2,105
1345,2,2,57
1385,2,2,76.18
1207,2,2,79.9
1140,2,3,55.5
1220,2,2,68
3596,5,0,252
1965,3,3,120
1760,2,0,115
1225,2,1,70
1891,3,1,109
1322,2,2,86
3600,4,0,260
1045,2,1,36.58
1545,3,3,85
1996,3,2,135
1125,2,2,70
1560,3,1,115
3100,4,2,310
780,2,1,35
2275,4,2,180
1350,2,2,41
1464,3,3,56
1570,3,3,64.5
708,1,0,28.32
1680,3,1,160
1400,2,1,82
1310,2,2,72
1175,2,1,57
1428,2,1,80
1842,3,2,115
1146,2,3,55
440,1,1,28
1048,2,3,50
1801,3,1,115
1232,2,1,69.61
1150,2,2,90
1868,3,1,120
1445,2,2,47.1
1466,2,3,140
3860,3,2,402
1185,2,3,70
1760,3,2,123
1000,2,1,78
1215,2,2,90
1734,3,3,125
1113,2,1,55
1240,3,2,41
896,2,1,30.13
1200,2,0,35
2790,4,3,198
1500,2,2,30
1096,2,2,48
2503,6,2,325
1550,3,2,74.5
1830,4,2,82
1746,3,3,84.95
645,1,1,16.45
1305,2,1,60
1207,2,2,62
1678,3,2,125
950,2,1,50
1070,2,1,55
1732.46,3,2,92
1639,2,1,40.98
1360,2,1,103
1656,3,2,150
985,2,1,49
1050,2,1,75
1600,2,2,160
1253,2,1,52.66
1655,3,2,155
1418,2,2,78
1270,2,2,100
1410,2,3,52.17
1200,2,2,75
1410,2,3,50.06
1200,5,2,92
1060,2,1,58
3960,5,3,386
950,2,1,40
1235,2,2,60
722,1,0,46
2775,3,1,165
1200,2,1,93
1225,3,3,60
705,1,1,52.5
1880,3,2,94.36
1550,2,1,60
1893,3,1,130
1650,3,2,75
1113,2,2,46
1586,3,3,70
4000,3,1,235
1541,3,3,80
1830,3,2,101
1015,2,1,40
1120,2,2,37.95
706,1,1,48.24
1900,3,1,99
3000,5,3,150
1075,2,1,42
1290,2,3,80
1200,2,1,50
1150,2,1,53.11
1730,3,3,140
3216,5,2,300
1991,4,2,88
1115,2,1,60
1900,3,3,150
1109,2,1,41.49
2340,5,1,129
4356,5,1,850
1005,2,1,43
416,1,1,19.5
1394,2,1,100
2138,3,2,110
1550,3,2,160
1300,3,1,80
1265,2,2,82
1050,2,3,40
1012,2,1,59
1600,4,3,112
1326,2,2,57
1700,3,2,95
910.2,2,1,80.64
4960,4,3,400
2254,3,2,170
2462,6,2,150
615,1,1,44
575,1,1,88
1025,2,1,54.1
1758,3,2,95
3179,5,3,351
1342,3,3,92
1800,3,2,85
1608,2,2,85
1410,2,1,56.4
3800,4,2,600
909,2,1,40
1080,2,2,73
1092,2,1,60
1932,4,3,135
1156,2,1,72
1330,2,1,75
1917,4,2,113
985,2,1,25.12
1785,3,3,118
1645,3,2,120
1235,2,2,63
662,1,1,42
1215,2,1,62
845,2,1,37
1525,2,2,87
1000,2,2,48
1255,2,1,90
1560,3,2,120
1620,2,2,85
1595,3,2,90
835,2,0,37
2182,3,2,72.04
2700,5,2,175
1070,2,1,48
755,1,1,42.41
1645,3,2,117
645,1,1,16.45
919,2,0,28
1346,2,1,71.32
1070,2,2,45
1225,2,1,35.52
640,1,1,20.5
1645,3,2,87.5
1350,2,1,89
1404,2,1,68.8
1105,2,1,35
900,2,1,41
1948,3,2,130
1252,2,2,55
2600,3,2,140
1300,3,2,89.13
1130,2,2,73
1690,3,2,125
1020,2,1,57
915,2,2,37
1450,3,3,68
2215,4,2,156
2431,3,1,100
1804,3,2,102
1600,3,2,88
1280,2,2,75
1255,3,2,77.68
1320,2,1,150
1257,2,1,69
1240,2,1,53.27
1850,6,3,150
1255,2,3,66
1789,3,2,98
660,1,1,18
1155,2,3,56
1235,2,2,65
2675,4,2,140
1025,2,2,50
1395,2,2,72
1530,2,2,74.4
1252,2,1,71
1081,2,1,30.27
1255,3,1,130
1220,3,2,56
1180,2,1,60
715,1,2,29
1230,2,3,94.5
1035,2,2,45.5
3360,5,0,225
1300,3,2,77.99
1100,3,1,52.97
1216,2,1,84
705,1,1,57
1385,3,2,64
1310,2,1,32.75
1043,2,1,39.5
1320,2,2,110
1140,2,2,39.9
1100,2,1,45
1586,3,2,90
975,2,1,24.86
1365,3,2,60
1263,2,0,107
1565,2,2,59.76
1163,3,2,180
2882,5,1,204
2320,3,2,170
1750,3,3,99
1143,2,1,55
1936,3,1,118
660,1,1,15
700,1,1,19
4640,4,2,600
1000,2,2,41
1000,2,1,35
818,2,1,26
1680,3,0,135
2422,3,2,150
1145,2,2,100
1190,2,2,30.35
1145,2,1,62
700,2,1,34.98
950,2,0,38
1085,2,1,70
1165,2,1,45
1000,2,1,35
1169,2,1,64
1840,3,2,140
1550,3,1,75
1457,2,3,60
1500,3,2,88
1165,2,2,75
1430,2,2,54.11
900,2,1,115
1500,2,1,78
780,1,1,55
1220,2,1,80
1110,2,2,43
1130,2,2,78
1213,2,1,59.32
900,2,2,45
1199,2,1,85
661,1,1,36
1710,3,2,100
1030,2,2,50
1220,3,2,56
1751,2,1,115
800,1,0,170
1255,2,2,79
1778,3,2,122
1100,2,1,45
1480,2,2,65
1358,2,1,81
580,1,1,27
1197,2,1,63
1705,3,1,110
1310,2,1,37.83
1132,2,0,67.9
1575,3,2,90
1302,2,1,66
2006.8,4,2,196
435,1,1,19.5
1590,3,0,120
1140,2,1,33.06
1090,2,2,59.8
1922,3,3,106
965,2,1,67
1062,2,1,42.47
1358,2,1,43.1
1108,2,1,87
1197,2,1,79
1190,2,1,50
3754,6,2,430
1749,3,1,117
1750,3,2,215
1449,3,2,100
1400,2,1,80
1750,3,2,130
1450,3,2,100
1810,3,2,126
1246,2,1,62.3
1420,3,2,85
2658,5,3,187
1367,2,2,62
2254,3,2,170
1160,2,2,42
1711,3,3,75
1120,2,2,37.97
950,2,1,47
1560,2,2,145
1340,2,3,77
1846,3,3,145
1205,2,1,70
1140,2,1,36
1140,2,2,38.65
1300,2,1,63
1051,2,2,60
2500,4,1,260
1135,2,2,32.91
1665,3,2,105
1220,2,2,48.79
1351,2,1,77
1636,3,1,119
1464,2,2,56
418,1,1,12
1339,2,2,62
2370,4,2,195
1530,2,2,74.5
1100,2,1,46
1290,2,2,52
1846,3,2,155
1847,3,2,135
3100,4,2,350
1430,2,2,110
935,2,1,45
1590,3,2,96.5
3520,3,3,430
1632,3,1,128
1000,2,1,41
1065,2,1,58
1520,2,2,96
1075,2,1,43
1539,2,2,52.36
1342,2,2,115
1004,2,1,49
1295,2,2,95
1098,2,1,74
1450,3,1,68
654,1,1,37
1046,2,1,75
1950,3,3,165
1610,3,1,84.53
1151,2,2,50.5
1125,2,1,58
1850,3,2,90
1174,2,1,75
1314,2,2,78
1010,2,2,55
1520,2,2,125
1067,2,1,60
955,2,1,35.28
1418,2,2,104
1366,2,1,83
1090,2,2,35.03
1250,3,2,58
1470,2,2,170
1494,2,2,94.55
1445,2,1,105
1397,3,3,105
606,1,1,40
861,2,1,34.5
2461,6,2,353
1205,2,1,75
4500,7,3,294
1200,2,2,62
1450,3,3,42
1139,2,2,60
1530,3,2,105
1575,3,3,101
650,1,1,25
1700,3,1,80
1090,2,2,48
1200,3,2,72
700,2,1,40
1437,2,1,71.13
1036,2,1,59.45
1125,2,2,40
2215,4,1,310
660,1,1,16
1804,3,1,115
1795,3,2,140
1050,2,1,50
2100,3,3,120
940,2,2,49
1280,2,2,80
2155,3,3,125
3200,5,3,140
1255,2,1,95
1388,3,3,69.99
905,1,1,52
1176,2,2,44
1390,2,2,61.16
1583,3,3,115
1170,2,2,86
1075,2,2,30
1486,3,1,83.22
4830,5,1,390
1282,3,2,178
2790,4,3,198
2383,5,1,215
1103,2,1,55
1577,3,2,67
1465,3,2,80.01
1600,3,1,64
1090,2,2,45
1721,3,3,80.86
1450,3,2,71
1071,2,1,62
2266,3,2,169
2065,3,2,130
1800,3,2,90
1123,2,1,56
1884,3,3,98
1145,2,1,75
1328,2,2,60
950,2,1,55
1115,2,0,46
1318,3,1,54
1235,2,3,90
1200,2,0,63
1146,2,1,38
1070,2,1,49.65
3080,2,1,285
1400,2,3,50.06
1123,2,1,48
787,2,1,31
1082,2,1,45
1130,2,1,52
1269,2,1,73
2689,6,2,245
1976,3,3,65.21
1820,3,3,77
1329,2,1,56
1205,2,1,40
1339,2,2,71.5
1100,2,2,70
810,1,0,21
1100,2,1,85
1925,3,3,110
3339,3,0,250
1475,2,2,74
1300,2,2,75
1559,3,2,120
1410,2,3,53.58
1339,2,2,58
1104,2,1,35.5
1550,2,2,79
670,1,1,35
1483,2,1,98
1540,2,2,70
1460,2,2,75
1230,2,1,58
1340,2,2,60
2162,3,1,200
919,2,2,40
1733,2,3,85
1221,3,3,72
2550,4,2,149
710,2,2,40
1500,2,1,78.25
3122,6,2,237
2061,3,3,175
1255,2,1,95
1031,2,1,55
1210,2,1,74
950,2,1,40
1161,2,1,55.15
1303,2,2,44.17
1418,2,2,105
1015,2,0,48
1010,2,1,40
1508,3,1,75
1275,2,1,87
1460,3,1,70
1110,2,2,58
1832,3,1,125
1088,2,2,61.45
1564,3,1,104
1030,2,1,35.02
1700,3,1,95
999,2,1,43.66
1300,2,1,89.76
1265,2,1,78
1974,4,0,106
1180,2,2,40
1560,2,2,65
1085,2,1,41.23
1300,2,2,75
1600,3,2,56
795,2,2,32
1475,2,1,200
1345,2,1,47
1706,3,2,135
2100,4,1,180
1260,3,3,63.58
1260,2,1,45
1045,2,1,58
1113,2,1,50
2774,4,3,208
1210,2,1,60
1155,2,1,55.5
1132,2,1,89
1359,2,2,104
600,1,1,30
1009,2,2,56
1800,3,2,195
1226,2,2,52.71
1363,2,1,79
2792,4,1,220
1060,2,2,42
1200,2,1,67
1495,2,2,75
1440,2,2,170
1545,3,1,69
1470,3,3,50
1450,2,2,81
1650,3,2,110
1095,2,2,32
1143,2,1,62
1349,2,1,97.8
1280,2,2,45
1216,2,1,69.06
1290,2,1,120
1156,2,2,42
1230,2,2,44
1070,2,2,33.15
1235,2,1,49.3
1117,2,1,110
1724,3,2,124
600,1,1,43
1930,2,2,57.9
1216,2,1,75
1452,3,3,60
1355,2,3,78
2145,3,3,190
957,2,1,53
925,2,2,48
1550,2,3,59
1115,2,1,61
1692,3,2,83
1385,2,2,69
760,1,1,24.9
1335,2,2,67
910,2,1,45
1610,2,2,55
1341,2,1,75.76
1285,2,2,44.98
2448,3,2,400
500,1,1,31
1255,2,3,77
1040,2,2,50
1062,2,2,47
950,2,1,60
1216,2,1,73
1300,2,2,98
1033,2,1,52.58
1390,2,2,65.31
1140,2,2,45
670,1,1,36.85
2171,4,2,111
1136,2,1,48
1477,2,2,80
1040,2,1,48.86
1070,2,2,46
1253,2,1,65.8
1190,2,2,60
1312,2,2,55
750,2,0,40
1615,3,2,115
1745,3,3,100
1220,2,1,44.6
1793,3,2,98
1385,2,3,65
2017,2,2,125
400,1,1,10
960,2,1,33
1125,2,1,47
1551,2,2,60
1060,2,1,48
1384,2,2,59
620,2,1,23
1005,2,1,39.77
2400,3,3,88
1096,2,1,39
3563,6,1,310
1685,3,3,100
1580,3,3,53.56
1210,2,1,83
1030,1,2,25.75
1255,3,2,77.68
1482,3,2,86
1344,2,1,108
3300,5,3,318
1320,3,3,226
1532,3,2,98.13
1245,2,2,110
2257,3,2,159
1080,2,2,41
1360,2,3,85
1418,2,2,104
1400,2,2,40.44
1175,2,1,69
1185,2,1,40.17
2250,3,1,113
1178,2,2,40.43
36000,4,2,450
825,1,1,44.9
1113.12,2,2,55
1718,3,3,223
1010,2,1,35
900,2,1,41
1194,2,1,71.64
1108,2,1,67.15
3895,2,1,451
700,2,1,34.99
1250,2,2,33
1140,2,1,49.27
985,2,1,55
982,2,2,55
600,1,0,20
2640,5,1,142
1314,2,2,68.8
1077,2,2,93
1643,3,2,75
1116,2,1,51.91
1020,2,1,41.82
1740,3,2,55
1241,2,1,61
1041,2,2,40.6
1050,2,2,46
1309,2,3,64.39
1430,2,1,50
1065,2,1,47.86
1548.3,4,1,129
2302,4,2,300
1525.84,3,1,117
1200,2,2,42.6
918,2,1,49
1255,2,1,90
1227,2,2,53.49
1255,3,2,77.68
1198,2,1,82
2600,3,1,95
2072,4,2,139
797,2,1,32
1350,2,3,68
2215,4,2,160
525,1,1,30
1006,2,1,57
1128,2,1,65.7
1310,2,3,68
1390,2,2,86
1170,2,1,33
1385,2,2,50
1160,2,1,33.5
1200,2,2,69
1475,2,2,55
1939,3,0,98
850,2,2,42
675,1,1,45
1060,2,1,51
1235,2,2,47
1460,2,3,70
1690,3,2,85
850,1,2,57
1843,3,2,82
1680,3,2,117
1047,2,1,84
1095,2,2,38.33
1200,7,2,125
1100,2,3,85
1685,3,2,85
1050,2,1,65
1465,2,1,76
630,1,1,60
1850,3,1,150
1350,3,1,60
1760,3,2,160
1440,2,2,185
1200,2,0,42
1100,2,1,78
1410,2,2,45
1434,2,1,67.39
1160,2,2,42
1343,2,2,86
2246,3,0,300
1305,2,1,59
1550,3,3,65.11
1345,2,1,57
975,2,2,45
1140,2,2,46
1152,2,1,34.56
1800,3,0,230
1762,3,3,112
560,2,1,16.6
1410,2,2,38
1853,3,1,64.86
1138,2,1,110
2556,3,2,169
1870,3,2,138
1199,2,1,86
1047,2,1,83
1645,3,1,100
1766,3,1,130
1221,3,3,52
1278,2,2,90
1025,2,2,66
1175,2,1,39
625,1,1,19
937,2,1,35
750,1,1,52.5
1475,3,3,78
900,2,0,65
1116,2,2,37
1760,3,2,127
4400,5,3,525
1914,3,3,179
1820,3,2,85.5
1820,3,2,93
1565,3,2,78
1334,2,3,42.69
914,2,2,49
2145,3,3,125
3940,4,3,220
1255,2,3,120
2777.29,5,2,650
1014,2,1,35
695,1,1,25
2273,4,3,220
1180,2,2,41
2400,4,2,152
850,1,1,25
1200,2,1,60
1769,3,3,96.87
1554.3,4,1,131
905,2,1,40
1435,3,1,73
3405.1,6,3,400
1620,3,2,130
1025,2,1,49
1430,2,3,54.5
1235,2,3,65
1291,2,3,32
1498,3,2,95
2180,3,2,240
1123,2,2,64
1235,2,1,75
984,2,1,45.91
1305,2,1,99
2790,5,3,204
2010,3,2,125
1277,2,2,59
1265,2,3,67
1442,3,2,56.24
1224,2,2,70
1233,2,3,100
1449,3,2,90
1090,2,1,54
1200,2,3,78
1000,2,2,58
2400,5,2,190
1732,3,1,85.73
1290,2,2,80
1917,4,2,100
1100,2,2,57
2774,4,3,208
1425,2,2,65
1655,3,1,113
2805,5,3,160
1800,4,2,180
2050,3,1,100
530,1,1,29.44
883,2,1,37
1295,2,2,95
1275,3,1,59
1063,2,1,58
656,1,1,43
881,2,1,48.06
700,1,1,32
1680,3,1,101
1253,2,2,57
1640,3,3,230
2100,4,2,145
1070,2,1,58
1125,2,1,29.25
1210,2,1,54
1500,2,1,75
1652.5,3,2,90
1381,2,2,76.18
1085,2,1,57
905,1,1,50
1685,3,2,95
1200,2,2,75
1151,2,1,42.9
3532,3,3,170
1665,3,2,86.91
800,2,1,40
1030,2,2,46.5
1257,2,1,71.03
1600,3,2,82
1465,3,3,75
1650,3,2,111
1300,2,2,82
1000,2,1,44.5
1146,2,1,53.8
2159,3,2,110
1255,2,2,40
1130,2,2,60
1200,2,1,60
1040,2,1,37
1180,2,1,41.3
1374,3,2,51
2384,4,2,165
1200,2,1,54
2017,3,2,105
905,1,1,52
1303,2,1,55.79
1380,2,2,95
1620,3,1,110
1000,2,1,38.5
1322,2,2,75
1500,3,2,125
1256,2,2,50
941,2,2,48
5000,4,3,465
1665,3,2,86.58
712,1,1,38.44
1200,2,1,49
1680,3,3,135
1380,2,1,42
1088,2,2,62
1414,3,2,77.5
1070,2,1,52
1265,2,1,58
1035,2,2,44
1650,3,1,84
1130,2,2,58
2582,5,2,250
2663,4,1,338
1090,2,2,45
1100,2,1,45
1365,2,1,34.13
1484,3,2,79.19
1630,3,2,68
1451,2,2,52.43
1330,2,1,107
2127,3,2,135
1173,2,2,45.75
1500,4,2,239
1197,2,1,47.88
1450,3,3,62.4
1187,2,1,37.85
1370,2,2,54.8
1036,2,2,39.37
2010,3,2,115
1265,2,2,46.6
1576,3,2,58
1000,2,1,36
1293,2,2,85
1210,2,3,75
1126,2,1,69
1440,2,0,70
1300,2,2,52
1276,2,2,75
1216,2,1,83
1126,2,2,39
1162,2,0,65
1301,2,2,65
658,1,1,34
2500,3,2,280
1208.51,3,2,42
1133,2,2,38.41
1760,2,1,116
1075,2,1,52
940,2,1,25.38
1145,2,2,57
3900,5,1,550
2475,4,3,326
1216,2,1,80
1459,2,1,110
1622,2,0,80
1843,3,2,85
1274,2,1,81
1430,2,1,69.5
1565,2,2,57.91
1670,3,2,160
1695,3,2,150
1410,2,2,75
1083,2,1,32.49
900,2,3,50
693,1,1,34.3
2435,4,3,119
1920,3,2,150
630,1,1,47
1075,2,1,50
705,1,1,55
1532,2,2,62
1330,2,1,93
1530,2,2,60
1630,3,1,95.1
1200,6,2,180
1595,2,3,75
1000,2,2,53
1000,2,1,28.88
1000,2,1,28.88
883,2,1,50
1776,2,3,75
1347,2,1,37.72
1330,2,2,55
1459,3,2,135
2259,5,2,135
1200,2,2,52.5
2328,4,1,528
660,1,1,15.5
1800,2,2,250
3100,4,3,550
602,1,1,26
1710,3,2,100
1500,2,3,82
1539,3,2,60
1100,2,1,53
1151,2,1,49
1350,3,3,78.3
1200,2,2,65
1700,3,2,93.5
1560,3,3,125
1243,2,2,46
1403,3,1,56
1416,3,1,94
1680,3,2,125
1595,3,3,62
1507,2,3,95
1949,3,1,133
1000,2,1,28.88
2480,3,2,245
1100,2,1,60
3526,4,3,598
1425,2,2,47
550,1,1,23
1385,2,2,48.48
1783,3,2,125
1520,2,2,90
1060,2,1,55
1267,2,1,54.35
2500,3,2,180
1240,2,1,65
1570,3,2,78
1355,3,3,76
4075,5,3,226
1550,3,3,52.45
1100,2,1,50
1750,3,2,150
1466,2,2,71
1550,3,2,72.5
2300,4,3,102
540,1,1,22.5
950,3,2,130
2880,3,2,501
1987,4,2,165
1305,2,1,75
497,1,1,17
1232,2,2,89
1732,3,3,85.73
1614,2,1,100
600,1,1,22
2072,4,2,155
919,2,2,34
1200,3,1,150
1000,2,2,42
1216,2,1,75
2245,4,2,154
1476,3,1,125
1852,3,2,130
1597,3,1,67.12
2423,4,3,160
1152,2,1,90
1400,3,2,92
1530,2,2,74.4
1185,2,2,40.17
1890,3,2,108
830,2,2,40
1165,2,1,30.29
1100,1,2,55
1685,3,2,60
3131,4,3,349
827,2,1,45
635,1,0,26
4000,4,3,380
1050,2,1,50
2850,4,3,470
1751,3,3,72
4750,6,1,1102
1020,2,1,40.89
1148,2,1,43.5
1856,3,2,135
1325,2,2,65
1261,2,2,61
1675,2,2,135
3260,5,3,388
1160,2,2,45
1914,3,2,149
1458,3,2,79
3035,5,3,220
1556,3,2,86
918,2,2,50
1455,2,1,98
1100,2,2,52
1405,3,2,48.87
929,2,1,56
1065,2,1,40.47
1250,2,2,45
1680,3,3,105
1146,2,1,50
1451,3,1,60.44
1424,2,3,55
1435,2,3,62
658,1,0,26.91
1242,2,2,65
1610,4,2,85
1127,2,1,65
1250,3,1,55
2200,4,2,160
876,2,2,29.5
1314,2,3,83
690,1,1,39.8
1230,2,3,55
920,2,1,37.2
1850,3,3,140
1073,2,2,60
1540,3,3,76
1550,3,3,63.5
1198,2,1,65
1656,3,2,90
1900,3,3,155
1910,3,2,142
2172,3,2,76.02
1548,3,1,65
1689,3,1,103
2119,4,2,111
1100,2,1,61
1250,2,1,77.88
1500,2,1,78
1942,3,1,155
1985,3,2,130
950,1,0,39.9
1752,3,2,105
1480,2,2,84
1826,3,2,130
934,2,2,55
1620,2,1,76
1070,2,1,47
1012,2,1,54.59
1611,2,2,48.33
1405,3,2,58
1515,3,3,90
1830,4,2,150
1710,3,0,60
935,2,1,51.5
1410,2,0,80
1125,2,2,65
1191,2,1,55.38
1525,2,3,67
600,1,2,25
645,1,1,16.45
1185,2,2,44
1190,2,1,68
1355,2,3,73
500,2,1,24
1250,3,3,50
3300,4,2,329
1206,2,1,53
1357,2,1,130
909,2,1,40.9
3000,5,2,335
1100,2,1,55
975,2,1,65
1306,2,2,44.17
610,1,1,39
1484,2,2,56.4
1125,2,1,47
1447,2,1,75.97
2882,5,1,158
1250,2,1,58
840,2,2,50
2502,4,2,180
583,1,1,26.9
750,1,1,51
1600,3,3,58
1365,2,2,49
1260,2,2,35
1190,2,2,33.92
2480,4,1,260
1510,3,3,47.57
1120,2,1,53.76
1717,3,3,99
1465,2,1,45.87
1255,2,1,90
1065,2,1,30.88
1281,2,2,87
1210,2,2,25
1215,2,3,43
1237,2,2,73
1300,2,1,70
1105,2,2,39.99
1505,2,2,42
1186,2,3,65
750,2,1,35.5
1083,2,2,28
1056,2,2,68
2108,3,3,85
1650,3,2,101
1220,3,1,36.6
1198,2,1,54
1190,2,1,70
2940,3,2,2250
1260,2,2,59.2
2254,3,2,153
2990,5,1,210
820,2,1,45
1296,2,2,65
1173,2,1,77
1102,2,0,52
1519,2,3,65
1345,2,2,106
1594,3,2,99
1250,2,1,68
1056,2,1,60
1464,2,1,145
861,2,0,36.5
1047,2,1,82.62
2300,3,3,369
1000,2,1,62
1682,3,1,113
814,2,1,42
1145,2,1,46.5
965,2,1,34
1300,2,2,55
1590,3,3,131
644,1,1,40
982,2,1,37
1555,3,2,75.17
1085,2,1,46
1640,3,2,220
1595,3,1,110
1196,2,2,40.44
1859,3,1,108
1079,2,1,60
1118,2,1,42
1198,2,2,60
1830,4,2,135
1160,2,1,59
2070,3,3,135
957,2,0,52.5
1268,2,1,69
1450,2,2,87
1600,2,2,75
1330,2,1,57
1355,2,2,65
1100,2,1,38.49
900,1,1,44
1140,2,1,42
2106,3,3,148
1660,2,2,116
1549,3,2,80
700,1,1,38
1012,2,1,64
1469,3,1,89
1216,2,1,69
1065,2,1,56.13
1411,3,1,93.15
1400,2,2,57.5
1250,3,2,29
1115,2,1,50
1000,2,1,35
1800,3,2,90
1500,2,2,130
645,1,1,16.45
1494,3,2,82
1949,3,2,129
1020,2,1,46.5
883,2,1,45
1240,2,2,80
1835,3,3,88
945,2,0,45
1504,2,2,100
1569,3,2,150
1755,3,2,130
1450,3,2,72.54
1000,2,0,48
1215,2,2,59
1178,2,1,75
1500,4,3,192
2040,2,2,59
1602,2,1,165
1194,2,2,46
1800,3,1,220
1700,3,3,108
1200,3,2,65
1500,3,0,72
1240,3,2,165
1280,2,1,48
1560,2,2,85
2400,3,3,140
900,2,1,45
1850,3,2,155
1831,3,1,110
1320,2,1,38.13
1820,3,2,85.4
1075,2,1,41
1140,2,1,70.93
1805,2,2,75
1355,3,0,135
1716,2,0,115
937,2,1,30
1490,2,1,115
4856,5,3,410
4003,6,1,525
1100,2,1,37
1000,2,2,48.53
1047,2,1,91
1420,2,2,75
1550,3,1,59
1553,3,3,68
920,2,2,26
1740,3,3,120
1724,3,1,146
1020,2,2,60
1200,2,2,80
1140,2,2,58
550,1,1,16
1450,3,1,44
700,2,1,35.07
1050,2,1,45
1492,2,2,65
1489,2,3,82
1140,2,2,42
1431,3,2,65
1682,3,1,114
1198,2,1,86.26
3664,3,2,325
1550,2,2,69.75
539,1,1,45
1200,2,2,79.55
1186,2,2,40
1039,2,2,39.5
2520,3,2,150
1225,2,2,66.5
1350,2,2,72
1030,2,2,300
1520,3,2,111
1391,2,3,64.5
1200,2,2,50
1322,2,2,80
2173,3,2,128
1200,2,2,75
1250,2,2,90
1025,2,2,27.68
1435,3,2,45
1175,2,2,64.98
900,2,1,33
3170,5,2,230
1602,2,1,170
1220,2,2,42
2500,3,3,350
2145,3,3,180
960,2,3,58
907,1,1,38
1210,2,1,74
1230,2,2,70
1350,2,1,75
1150,2,2,58
1404,2,0,53.35
1285,2,2,56
1018,2,1,50.8
1600,3,3,95
1480,2,1,80
1435,3,3,53
1590,2,3,85
1741,3,2,80
1750,3,1,123
1027,2,1,60
596,2,1,22
3463,6,0,310
2790,5,3,198
1000,2,1,60
1120,2,2,44.24
1570,3,2,110
1500,3,1,135
1315,2,2,140
1140,2,1,33.84
1105,2,2,90
905,1,1,62
1185,2,1,50
1458,3,2,60
1555,3,2,75
1200,2,2,45
1308,2,1,58.86
1024,2,2,44
1194,2,2,47
1639,3,3,120
1870,3,2,138
1232,2,1,87
1719,3,1,184
975,2,1,24.86
1230,2,1,79
2120,3,2,177
1096,2,2,40.55
1107.83,2,1,41.51
1320,2,2,115
1320,2,1,99.26
2901,4,2,190
1315,2,2,65
1000,2,1,44
1596,3,3,79.8
2403,4,2,270
1350,3,2,47.25
1713,3,3,125
1200,2,0,43
1795,3,2,139
600,1,1,19.5
1965,4,2,132
1200,2,2,59.76
914,2,2,55
1485,2,1,96.51
1460,2,3,43.79
1450,2,1,57
1360,2,1,53
1125,2,1,48
1460,2,2,100
1107,2,2,40
1760,3,2,128
1600,3,2,112
1755,3,3,101
1200,2,1,50
1266.67,2,0,69
4800,5,2,550
1128,2,2,40
2710,6,2,142
1151,2,2,39
1017,2,2,27
920,2,1,40
1750,3,3,86.5
1163,2,1,65
1650,3,3,110
1800,3,3,95
1100,2,1,58
1410,3,2,65
1200,2,2,45.6
1608,2,3,63
770,1,1,43.82
1777.26,3,2,105
1339,2,2,85
1080,2,2,44.8
1450,3,3,72
1163,2,2,62
1299,2,1,100
2600,4,3,175
1140,2,1,43.32
1900,3,3,125
1110,2,1,39.95
705,1,1,57
1089,2,1,60
1080,2,2,32
1093,2,1,68.1
1703,3,2,125
1200,2,1,60
1690,3,2,116
1305,2,1,78
1194,2,0,55
2225,3,1,149
1022,2,2,57
1153,2,2,45
1560,3,3,68
1350,3,2,55
800,2,1,25
2093,4,1,104
1275,2,1,73
1215,2,2,43.13
1444,2,2,71.5
950,2,2,38
1231,2,2,50
1713,3,2,110
1310,2,0,46
790,2,1,49.5
1744,3,1,200
1250,2,2,82
2476,3,3,337
1260,2,2,76
1615,3,1,175
1025,2,1,53.9
1877,4,2,150
1649,3,2,150
1418,2,2,105
1012,2,0,42
1680,4,3,95
1171,2,2,72
1027,2,1,68.62
1090,2,2,38.15
1232,2,1,74
525,1,1,27
1254,2,1,65
1593,3,1,118
1333,2,2,77.27
1375,2,1,54.99
1650,3,3,82
1430,2,2,51.48
940,2,1,54
435,1,1,21
1160,2,2,36.54
1500,2,1,77.5
1890,2,1,100
3000,4,2,235
1459,2,1,95
1711,3,3,85.61
1250,2,2,98
645,1,1,16.45
1776,3,1,190
2072,4,2,160
1600,3,2,170
920,2,3,39
1631,3,2,80
525,1,1,27.5
1395,3,3,82
2000,3,2,105
1232,2,1,66
1205,2,2,70
2340,5,1,129
1179,2,1,55
1013,2,1,51
1160,2,2,40.6
1200,2,2,62.5
1069,2,1,55
1200,3,2,99
1065,2,2,55
1395,2,0,75
1725,2,1,165
1007,2,2,43
1645,3,2,117
940,2,1,43.61
2850,5,3,343
675,1,1,15
1390,2,2,95
1500,3,2,104
2047,3,2,136
1202,2,1,79
1012,2,1,59
2132,3,3,80
1331,2,1,88
1800,2,0,300
1280,2,2,49
1007,2,1,62
1370,2,1,61
925,2,2,35
450,1,1,12.5
1341,2,1,95
992,2,1,60
1163,2,2,68
1229,2,2,70
1219,2,1,61.26
1525,2,2,99.13
1147,2,1,60
1412,2,3,88
1190,2,2,63
1352,3,1,65
1330,2,2,39.9
1355,2,1,67
1200,2,1,46
1615,3,2,50.87
1080,2,1,52
1600,2,1,31
1200,2,0,34
1605,3,2,65
1200,2,2,80
1230,2,2,31.37
946,2,2,45
1711,3,1,110
950,2,1,25.65
1656,3,2,80
1075,2,1,46.76
665,1,2,32
1145,2,1,54
1185,2,2,41
1693,3,2,125
2456,3,3,220
2559,3,2,403
1155,2,1,40.6
1200,2,1,42
1439,3,1,57.23
1315,2,3,75
1178,2,3,82
1400,2,2,65.8
1093,2,2,72
1200,2,1,45
1200,2,0,130
1150,2,2,70
1173,2,1,78.2
1140,2,1,39
1717,3,3,120
1370,3,2,67
1025,2,1,90
1200,2,1,52
1200,2,1,53.5
1740,4,3,130
1232,2,1,88
5924,4,3,625
1250,2,1,50
1475,2,2,171
2100,4,2,85
1067,2,2,52
1364,2,2,56
1504,2,2,102
2365,4,2,175
1333,2,1,100
1698,3,2,107
1060,2,1,48
1310,2,1,66
1693,3,1,125
1230,3,3,60
1200,3,1,145
1385,2,2,66.5
1066,2,2,52.5
2293,3,2,80.26
1000,2,1,70.65
907,2,2,38
1395,2,3,79
1180,2,2,50
1490,2,1,92
1144,2,2,67
1143,2,1,53
2500,3,2,190
1216,2,1,75
1044,2,1,60
1352,3,1,93
1785,3,2,120
1650,3,2,51.98
1060,2,1,35
1523,2,2,56
1591,3,1,122
1640,3,3,84
450,1,0,16
1305,2,2,60
1240,2,3,45
1180,2,1,128
845,2,1,33
1310,2,2,45
883,2,1,37
1390,2,2,70.21
1280,2,2,69
1614,3,2,95
950,2,1,31.95
1141,2,1,55
1200,2,2,51
855,2,1,32
645,1,1,16.45
922,2,1,36
1240,2,2,65
1293,2,2,75
1599,3,2,80
967,2,2,41.1
1885,3,3,90
1050,2,1,63.5
1595,3,2,88
1350,2,2,102
1204,2,2,45
1035,2,2,49
1457,3,3,85
1655,3,3,120
1215,2,1,46.1
1639,3,2,129
1685,3,1,135
1100,2,3,38
2122,3,2,125
1230,2,2,45
1252,2,3,65
500,1,1,30
1355,3,2,83.87
1350,2,2,68
4003,6,3,300
1560,3,1,90
1151,2,1,43.16
1250,2,2,60
1110,2,2,29.97
1015,2,2,50
1351,2,2,78
960,2,2,50
1680,3,2,72
2400,3,1,180
11000,5,3,2000
1350,3,2,48.6
1254,2,2,47
1255,3,2,115
1051,2,3,61
1099,2,2,65
2650,4,3,199
1541,2,2,130
1200,3,2,70
1125,2,2,45
1650,3,2,85
834,1,1,62
1320,3,2,60
1500,3,2,74
4400,5,2,500
1180,2,2,70
1010,2,1,50
1920,3,2,130
1040,2,2,45
1430,2,2,90
650,1,1,70
1564,3,1,105
1128,2,1,48.79
1200,2,2,44.4
1650,3,3,105
1200,2,2,55
985,2,2,42
1475,2,2,63
3450,5,0,348
1157,2,1,53.99
900,2,3,35
3800,3,3,325
1950,6,3,175
1570,2,2,65.94
1283,2,2,68
875,2,2,40
3630,6,1,196
990,2,2,37.62
1199,2,1,85
1190,2,1,55
1133,2,1,55
2400,3,3,140
1565,2,2,49.3
1080,2,2,45
1240,4,1,180
1335,2,1,87
1140,2,2,46
1700,3,1,79.9
435,1,1,22
1116,2,1,51.89
1480,3,2,95
1000,2,2,50
1145,2,2,46
800,1,1,32
1265,2,1,83
1475,2,1,70
1265,2,2,55
2180,3,2,210
1080,2,3,50
2023,4,2,130
1545,2,2,66
1804,3,2,166
1108,2,1,74.23
1730,3,2,115
1427,2,3,70
935,2,1,35.53
1073,2,2,31.77
960,2,3,37
2215,4,2,150
1125,2,1,32.49
1080,2,2,75
1590,3,2,58
1350,3,2,68
1560,2,3,72
1810,3,2,57
2274.24,4,1,160
1484,3,1,74.18
1650,3,3,220
1455,2,2,55
2280,4,2,184
1351,2,2,74
1430,2,1,61
3589,5,0,400
1310,2,2,37.83
984,2,1,55
1770,3,3,100
1447,2,1,75.97
1296,2,1,89
1570,3,2,80
1495,2,2,65
1530,2,2,67
1800,3,1,70
1088,2,2,48
1533,3,1,98.18
1540,3,3,90
1040,2,1,68.59
1180,2,1,41.3
1245,2,2,100
1124,2,1,30.35
1100,2,1,71.42
1019,2,1,58
1756,3,2,128
1280,3,1,50
2134,4,2,118
1369.1,2,1,98
2515,4,3,155
2215,4,2,154
1440,3,2,72
1186,2,2,55.33
1800,3,2,140
1600,3,3,79
1000,2,1,35
1305,2,1,59
1740,3,1,150
1567,3,0,140
1082,2,1,45.5
3500,4,2,185
1220,2,2,52
1170,2,2,120
1670,3,2,75
2264,3,2,168
1100,2,2,55
1320,2,1,160
1125,2,2,65
1300,2,1,75
1600,3,2,83
1052,2,1,60
1130,2,2,36
2200,3,3,220
1500,2,1,63
1350,3,1,47.25
1230,2,2,52
1520,2,2,85
525,1,1,26.25
1040,2,1,61
2690,4,3,201
780,1,1,70
1140,2,1,51.2
1225,3,1,33.08
646,1,0,25.84
1890,4,3,125
1458,2,2,62
1007,2,1,67
1105,2,1,50
1700,3,3,150
1170,2,3,50
1080,2,3,45
1150,2,1,62
1200,2,1,57.9
1656,3,2,75
1040,2,2,50
1085,2,2,33.7
1100,4,1,120
1050,2,1,55
1920,3,2,150
947.55,2,1,80
1421,2,1,90
1425,2,2,74.31
1162,2,1,58
905,1,1,60
914,2,1,32
3500,4,1,289
1537,2,3,70
2250,3,1,200
2000,4,1,69
950,2,0,32
1282,2,1,48.72
1220,2,2,49
1636,3,2,85
1415,3,1,65
1728,3,2,125
1680,3,3,125
1235,2,1,140
1495,2,2,83
2501,3,3,138
381,1,0,28
3301.8,5,2,570
2002,3,2,120
3200,3,0,260
1450,3,2,90
1039,2,1,50
1210,2,1,80
995,1,1,24.88
1620,3,2,90
3204,4,3,395
3408,3,3,260
1314,2,3,55
945,2,1,33
1374,3,2,72
1603,3,3,113
1230,2,2,52
1864,3,2,105
2500,3,2,100
1625,2,2,54
1186,2,3,55
770,1,1,39.9
1085,2,1,45
3754,6,2,480
1893,3,2,115
1496,2,3,78
1305,3,1,33.28
1550,2,2,82
1494,2,2,94.55
1286,2,2,69
1860,3,2,95
1243,2,2,45
1200,2,2,75
1044,2,2,32
1040,2,1,41.59
1278,2,2,59
1250,2,1,43
1157,2,1,57.84
1185,2,1,51.15
1450,3,3,100
1859,3,2,121
1763,3,2,262
900,1,1,25
1305,3,1,60
1150,2,0,36.8
1806,3,3,85
1027,2,2,42
1002,2,1,40.08
1220,2,1,36.21
1109,2,1,35.22
1002,2,1,40.08
1308,2,1,89.04
1232,2,1,69.6
1255,2,1,53.87
1434,3,3,84
925,2,2,30
1858,3,1,123
1205,2,1,70
1500,3,2,90
965,2,1,56
1636,2,2,82.89
1724,3,1,125
1216,2,1,67
654,1,1,36.25
1636,3,2,92
1195,2,2,73
2400,3,3,251
1546,3,1,95
1475,2,2,171
3000,3,2,150
1007,2,1,66
909,2,1,43
1400,2,3,85
1150,2,2,55
2990,5,1,173
1310,2,2,85
1590,2,2,126
1645,3,2,110
1795,3,2,150
925,2,2,70
3746,6,1,375
1430,2,2,54
1020,2,2,55
1140,2,1,32.92
2470,4,2,203
850,1,0,35.5
1697,3,2,110
1120,2,2,50
1492,3,1,88
1498,3,3,79.15
3500,2,1,350
1010,2,1,48.27
1255,2,2,53.5
1050,2,1,35
1847,3,2,125
2144.6,4,2,145
750,2,1,36.5
919,2,2,35
1087,2,1,54.3
1480,3,2,74
1221,3,2,65
2072,3,2,122
1640,3,3,220
1253,2,2,81.5
1061,2,1,54.92
1250,2,2,68
1585,2,3,80
1452,3,3,60.98
1015,2,2,37
1116,2,2,40
4000,4,2,325
3900,4,2,410
1300,2,2,100
1419,2,1,60.42
1310,2,1,55
2072,4,2,152
1240,2,1,58.58
1820,3,2,89
1315,3,1,65
1410,2,2,73
1375,2,1,60
1299,2,2,95
993,2,3,45.5
1255,2,1,95
1655,3,2,131
2830,5,3,190
550,1,1,15
1634,3,1,111
1500,3,2,63
3750,6,2,375
1295,2,3,78.5
1320,2,1,100
840,1,1,57.6
1693,3,1,71.38
1305,2,1,70
450,1,1,18
705,1,1,57
1779,3,2,90
10200,4,1,1250
870,2,2,38
1595,3,2,120
525,1,1,26
2000,4,2,138
1614,3,2,93
1150,3,3,46
1610,3,2,80.48
1050,2,2,50
4800,5,2,420
1460,2,1,97
1569,3,0,70
645,1,0,42.5
1350,2,1,90
2780,4,1,325
1109,2,1,35.47
2000,3,2,1063
1215,2,1,68
2273,4,2,192
1225,2,1,69
5200,5,3,242
1984,4,1,145
2425,3,1,197
1127,2,1,45
1000,2,2,43
1350,2,2,45
1175,2,3,49
655,1,2,27
1311,2,1,84.86
1000,2,1,38.5
1050,2,1,59
1520,2,3,61
1333,2,1,104
600,1,0,18
1326,2,1,34.8
1370,2,2,125
1100,2,2,85
950,2,1,58.11
1804,3,2,175
1257,2,1,68.5
650,1,2,19.87
1850,3,2,150
1630,3,2,51.35
1310,2,2,60
1000,2,1,45
1370,2,2,90
1465,3,3,90
1128,2,1,64
1250,2,2,70
1645,3,2,117
2600,3,2,199
1215,2,1,68
1400,2,3,78
845,2,1,30
1199,2,1,85
1175,2,2,43.48
1767,3,2,109
1800,3,1,90
1856,3,2,135
1613,3,0,150
1375,2,1,78
985,2,2,57
605,1,0,13.31
1200,2,1,53
1000,2,1,45
1159,2,3,38
1540,2,2,78
1850,4,2,120
1580,3,1,60
1190,2,2,39.25
1880,3,3,120
1150,2,2,45
1962,3,2,175
1174,2,1,29.35
1894,3,1,115
1760,3,2,142
1790,3,0,97
2540,4,0,160
1137,2,1,53.4
1568,2,2,100
1308,2,1,60
1200,2,1,41
530,1,1,13.5
873,2,1,40
2072,4,2,160
2273,3,3,159
760,1,2,50
2072,4,2,155
1550,2,1,89
1251,2,1,50
1070,2,1,53
1435,2,2,60
1400,2,3,45
2330,3,2,94.71
1200,2,3,60
1655,2,2,62.89
1175,2,1,50
1155,2,2,40.43
1200,3,2,98
1149,2,2,65
3200,4,2,375
1718,3,2,119
1330,2,2,77
1200,2,2,68
1693,3,2,89
1249,2,1,165
1800,4,1,125
1020,2,1,46
1280,2,2,60.16
933,2,1,58
1150,2,0,44
3633,6,2,550
1380,3,3,130
1303,2,1,90
1196,2,2,40.54
1419,2,3,87
1200,2,3,49
1245,2,1,75
3978,4,3,428
1093,2,1,34
1345,2,1,97
1180,2,1,86
1020,2,1,48.45
3621,4,1,511
1020,2,1,55
2095,3,2,142
1362,3,2,62.63
694,1,0,30.84
1404,2,2,70
985,2,1,49.97
850,1,2,60
1367,2,2,86
1210,2,2,81
1140,2,2,40
1095,2,2,33.6
782,1,0,19.55
1435,2,2,80
725,2,2,36
1600,2,2,88
3205,4,2,300
1243,2,2,46
1703,3,2,130
1145,2,1,41.21
1216,2,1,75
1100,3,1,60
2425,5,1,201
1196,2,2,40.54
1600,3,3,90
1510,3,3,47.57
3033,4,1,326
1480,4,1,169
1630,3,2,60.65
1410,2,2,53.58
1181.7,2,1,100
1691,3,2,113
1300,3,2,77.99
1356,2,1,94.84
1338,2,1,103
1280,2,1,100
1531,3,3,51.77
1605,2,2,65
1917,3,2,110
1400,3,2,55
2625,3,3,175
2041,3,3,128
2070,4,2,160
1110,3,3,59
1650,3,1,110
3565,4,3,255
1142,2,2,65
1502,3,3,50
1176,2,1,45
5400,3,2,700
1425,3,2,55
1345,2,2,108
1830,4,2,325
1160,2,1,70
2000,2,2,95
1125,2,1,47.65
3900,4,2,175
1133,2,1,38.37
1240,2,2,60
1466,3,3,77.59
3870,4,2,411
1610,2,2,115
1225,2,2,48
1300,2,1,54
1996,4,1,123
1800,3,2,240
1435,3,2,90
1601,3,3,70
1257,2,2,93
3596,5,1,260
1309,2,2,95
1115,2,1,55
1870,3,2,90
1185,2,2,67
1790,3,3,120
3450,4,2,208
5400,4,2,750
1000,2,2,48
1183,2,1,77.25
1282,3,2,178
1200,2,2,52
1151,2,2,43.6
1320,2,2,59
1847,3,2,123
1020,2,1,49.87
1160,2,2,44
2805,4,3,154
1360,3,0,47.6
1089,2,1,49
1115,2,2,60
1536,3,1,104
1571,3,2,83
1517,2,2,125
664,1,1,35.4
1230,2,1,58
1340,2,2,72
1175,2,1,29.38
1470,2,1,44.1
1680,3,2,117
1071,2,1,51
3435,2,1,341
1190,2,1,60
1550,2,3,80
1283,2,2,63.22
1325,2,2,73
1105,2,1,35.36
1600,3,2,74.5
2099,3,3,147
1365,2,1,72
1485,3,3,132
1250,2,1,55
1328,2,3,91.06
1232,2,1,87
1350,3,2,66
1020,2,2,32
1410,2,3,49.34
2159,3,2,120
1255,2,1,57.5
1074,2,1,42.79
1200,3,2,72
1170,2,2,35.41
1601,3,2,95
2700,2,1,260
1900,3,1,97
1520,2,2,96
1432,2,2,68
2251,4,2,370
1050,2,1,77
1100,3,2,53
1565,2,2,56.34
1652,3,3,110
2340,4,1,145
1084,2,1,179
1400,3,3,69
1020,2,1,27.43
1267,2,1,90.33
2439,4,3,185
5000,5,2,550
1086,2,2,44.5
416,1,1,18
1066,2,1,52.23
1730,3,1,93
1205,2,1,63.86
2500,5,2,175
960,2,1,55
1510,3,2,83.05
2300,3,2,142
1998,3,2,117
1262,2,2,67
1842,3,2,115
1012,2,1,53.58
1394,2,2,56
1450,2,1,85
527,1,0,35
1693,3,2,125
3122,6,2,235
1000,2,1,46
1410,2,2,64
1400,2,2,108
1826,3,2,125
1689,3,2,103
1075,2,1,31
1300,2,2,55
1804,3,2,150
1836,3,2,125
826,2,2,36
1200,2,3,68
1200,4,3,140
965,2,2,56
1395,2,2,70
1660,3,2,116
1180,2,1,39
1204,2,1,82
2072,4,2,153
1056,2,1,65
985,2,2,62
2317,4,3,140
656,2,1,25
400,1,1,11.5
666,1,1,36.8
1174,2,1,47
1153,2,2,56.7
910,2,2,160
1843,3,2,88
1230,2,2,31.37
3197,5,2,335
1703,3,2,130
1125,2,1,41.5
1516,3,3,65
1130,2,2,56
3596,5,1,279
1512,3,2,103
1491,3,1,88
1250,2,2,95
1140,2,1,48.7
1100,3,2,56.57
2666,4,1,200
1345,3,2,60
1200,4,2,100
3230,5,0,165
2750,5,1,240
1025,2,1,35.88
973,2,1,56
2533,3,3,425
1007,2,1,75
1000,2,2,33
1285,2,2,65
662,1,1,29
2297,5,2,269
1850,3,3,95
1567,3,1,100
1695,3,3,50
1150,2,1,69.44
1690,3,2,85
1057,2,1,65
1320,2,1,91
2119,4,3,111
1125,2,1,48
645,1,1,34.18
1040,2,1,41.6
1700,3,1,194
1138,3,2,128
984,2,1,45.91
1140,2,2,38.65
3596,3,1,200
1404,2,1,75
1050,2,1,39
1550,3,3,72.5
1653,3,3,93
1194,2,2,47
1471,2,3,75
812,2,1,38.25
1504,2,2,83
957,2,2,54.5
460,1,1,13
1050,2,1,75
1820,3,2,85
1550,3,3,65.1
1392,2,1,130
1221,3,3,75
1000,1,1,19
1065,2,3,31.5
1209,2,3,65
1929,4,1,101
1255,2,1,84
1035,2,1,31.05
1650,3,2,101
1275,2,3,65
1128,2,1,65.58
1140,2,2,38.55
1183,2,2,58.56
1155,2,1,39
1040,2,1,75
1525,2,2,65
1220,2,1,65
2388,3,1,195
1355,2,1,97.6
1046,2,0,49.06
1247,2,2,62.35
3855,4,3,220
1120,2,2,36
1798,3,1,110
1180,2,1,45
1000,2,1,34
1216,2,1,82
1842,3,2,115
1075,2,1,43
1495,3,3,88
1700,3,3,120
1564,3,1,103
1256,2,1,65
1047,2,1,89
1458,3,1,78.45
1063,2,1,61.17
1360,2,0,45
1810,3,2,100
1025,2,1,26.65
980,2,1,45
2050,3,3,82
1407,2,1,83.87
4170,3,2,800
1585,3,1,84
1785,3,2,130
900,2,3,45
1843,3,2,96.2
1200,2,1,67
1125,2,1,47
770,1,1,70
1181,2,2,57
1295,2,2,55.47
1506,3,1,95
2900,4,2,240
1326,2,1,35
1020,2,1,48
1500,3,1,72.99
1180,2,2,60
2215,4,2,150
1350,2,2,60
1450,2,2,62.93
1133,2,2,40
1564,3,2,100
2072,4,2,157
1460,2,3,51.1
654,1,1,38
1105,2,2,50
1800,3,3,150
1000,2,1,51
1240,2,1,63
1400,2,2,80
1640,3,2,70
2496,4,2,125
905,2,1,32
8400,5,2,1675
1495,3,2,55
1400,3,2,53
1007,2,1,53
1054,2,1,53
996,2,2,49
1394,2,3,52
1243,2,2,46
1216,2,1,75
1075,2,1,57
1500,3,3,120
1500,3,1,250
1800,4,3,115
1726,3,2,81.99
1220,2,2,54.89
1530,3,3,40
840,2,1,28
1499,3,2,89
1280,2,3,55
1161,2,3,36.69
1050,2,2,65
1650,5,3,309
418,2,1,11.5
1510,2,2,55
2350,4,2,163
1056,2,2,55
1450,3,1,70
1000,2,2,34
575,1,1,38
1770,3,2,90
3155,3,2,315
745,1,0,34.27
1547,2,2,103
1713,3,1,120
3300,4,2,430
1856,4,2,180
1152,2,1,57
2357,3,2,135
1865,3,1,139
1240,2,2,65
1360,3,1,75
1450,2,2,63.51
1139,2,2,72
1855,3,3,140
2266,3,2,207
1083,2,1,48
1232,2,1,83
1550,3,1,86.8
1227,2,2,70
545,1,1,29
1152,2,1,54
870,1,1,45
663,1,0,46.1
1464,2,1,135
1704,3,1,120
1080,2,1,45
497,1,1,25
1073,2,1,52.36
1300,2,3,32
662,1,0,45
1707,3,2,171
1310,2,2,80.43
1324,3,2,65
1786,2,2,106
1174,2,1,75
1400,2,1,95
635,1,1,28
1368,2,1,54.71
1450,3,3,55
1128,2,1,65.4
1125,2,1,54
1195,2,1,62.38
877,2,1,29
1770,4,1,68
985,2,1,40.39
1045,2,2,42
2400,4,1,130
1420,3,3,68
1530,2,2,74.4
1570,3,3,88
1157,2,1,74
535,1,1,20
1120,2,2,39.2
1150,2,2,60
1215,2,1,68
1444,2,1,75.97
2003,3,3,200
4500,5,3,150
1180,2,1,55.5
1096,2,2,39
2504,3,3,138
1832,3,1,116
1020,2,1,29.45
1123,2,1,36
1225,2,2,71.05
1683,3,1,140
1475,2,2,80
1120,2,2,49
1150,2,1,42
1165,2,1,85
1409,2,2,95
1212,2,1,56.9
1140,2,2,26.49
2087.01,3,2,115
1700,3,1,118
1000,2,1,28.88
2704,5,0,105
1205,2,2,64.47
1650,3,3,82
1150,2,1,38
850,2,0,34
1580,3,1,83.74
1216,2,1,84.03
381,1,1,28
2429,3,1,210
1260,2,1,49
1498,3,2,74.9
1355,2,1,72.9
1450,3,1,65
1300,2,2,55
2500,5,2,245
1950,4,2,120
1625,2,2,145
1216,2,1,72.5
1470,3,2,54
1365,3,1,76.18
1364,2,1,64.79
1180,2,1,59.47
1800,3,2,130
1573,3,2,98
1620,3,3,95
1156,2,2,46
1200,2,1,20
3400,4,3,235
1608,3,3,54.51
4000,4,3,441
1215,2,2,40
1517,3,3,100
2025,4,2,115
1057,2,1,34.71
1044,2,2,34
1695,3,2,125
1635,3,1,61
1150,2,2,35
1110,2,2,110
1163,2,2,64.08
1418,2,2,65
1155,2,1,60
1115,2,2,78
1089,2,1,43.55
1445,2,2,82
1705,3,2,75
2200,3,2,160
7200,5,2,900
1450,3,2,58
1220,3,2,56
1259,2,2,69.45
1260,2,1,73
1640,3,1,86.8
1488,2,2,65
1640,3,2,120
1719.3,2,2,88
1180,2,2,70
1700,3,1,110
1225,2,2,62
1050,2,0,68
1691,3,3,120
3700,4,2,314
1243,2,2,46
1405,3,0,169
1350,3,1,45.9
500,1,1,18
1200,2,2,55
4800,6,2,420
700,1,1,35
1485,2,1,66
700,2,1,41
1346,2,1,100
1075,2,1,47
1800,3,2,53
1609,3,3,115
770,1,1,35
1000,2,2,35
1262,2,1,83
1600,3,2,180
1251,2,1,53
1140,2,2,49
1157,2,2,47.32
1197,2,1,78
1500,3,3,51.04
1185,2,1,51.15
1397,3,3,105
2710,3,2,170
1720,2,2,126
1756,3,2,307
602,1,1,38
1770,3,2,180
1295,2,2,43.9
1100,2,2,45
720,2,1,32
1476,3,0,105
1056,2,2,65
825,2,1,35
1860,3,2,130
1063,2,2,40
697,1,1,35
1835,3,2,160
1147,2,1,75
3400,5,0,265
1270,2,1,95
1100,2,1,61
1410,3,2,92
1065,2,1,41.38
1315,3,3,65
1650,3,2,200
1140,2,2,43
960,2,1,45
800,1,1,29
1020,2,2,45
750,2,1,27
1035,2,1,60
1315,3,0,64
1075,2,1,48
1450,2,3,50
1350,2,1,99
1282,3,2,178
1929,3,1,103
1100,2,2,72
1664,3,2,69.89
1158,2,2,67
1420,3,2,58
1268,2,1,127
1308,2,1,75
2000,4,0,100
2450,3,3,330
1152,2,1,42
1525,2,2,62.82
1465,2,2,88
1861,3,3,92
1265,2,2,65
1590,3,2,57
1837,3,3,142
1703,3,2,130
1293,2,2,80
700,2,1,35
1450,3,2,75
1030,2,2,57
1570,3,3,65.93
1000,2,2,60
1075,2,1,37
1091,2,1,33.82
2210,3,3,165
1640,3,2,262
1205,2,1,56.58
3362,5,2,249
1330,2,2,46.55
1024,2,1,32
1196,2,2,40.54
800,1,1,29.5
2650,3,2,260
1080,2,2,60
1286,2,1,68
2990,3,2,198
1150,2,2,90
1352,2,2,72
1307,2,1,50
1500,3,1,90
682,1,1,36.23
2500,4,1,420
1650,3,2,85.5
1850,3,2,120
1702,3,2,115
1240,2,2,40.54
1050,2,1,110
1023,2,1,52.59
1541,2,1,181
1275,2,1,105
1580,3,3,125
1343,2,2,75
1365,3,1,52.81
1047,2,1,72
1187,2,2,42
1075,2,2,45
2048,3,2,206
1090,2,1,57
1119,2,1,48.5
1445,2,2,86.69
1165,2,2,64.08
1787,3,2,107
1020,2,1,29.45
1797,4,1,95
1205,2,2,58
1560,2,2,98
1450,3,2,65
1496,2,1,718
1935,4,2,122
1016,2,1,45
1816,3,1,119
1680,3,2,125
1220,2,2,63
3000,4,2,160
980,2,1,86
1250,2,2,60
1424,2,3,80
1297,2,1,49.9
1300,3,1,170
1290,2,1,89.9
1720,2,1,130
1237,3,2,78
1720,3,3,98.97
1224,2,2,45
1780,3,2,107
4700,5,3,800
1139,2,2,56.5
2732,4,3,194
1600,3,2,95
1075,2,1,45
1170,2,2,44
3630,6,1,207
950,2,2,35
5400,3,2,400
865,2,1,40
1169,2,2,75
1683,3,1,110
1234.6,3,1,104
492,1,1,40
600,1,0,27
1902,3,2,89
1214,2,3,67
565,2,1,15
1386,2,2,85
1535,3,3,60
1370,2,2,54.79
1655,3,3,90
1200,2,2,52
1610,3,3,68
1655,3,1,108
770,2,2,30
1210,2,1,69
700,1,1,41
1740,3,2,95
1310,2,1,37.84
1763.25,3,3,98
1900,3,3,150
1450,2,2,55
1836,3,2,148
1160,2,2,75
1153,2,1,43
1285,2,2,55
1257,2,1,105
1200,3,1,56.72
1240,2,1,79
1294,2,2,52
1095,2,1,45
1145,2,2,46
1826,3,2,130
1314,2,2,60
1900,2,1,120
1290,2,1,85
1325,2,1,47
2600,3,2,195
1075,2,0,52
1108,2,1,48
1155,2,1,65
1550,2,2,98
1452,3,3,54.2
1500,3,3,67.49
3122,6,2,245
800,2,2,32
1180,2,1,71.22
775,2,2,29.5
1145,2,2,49.5
2439,4,3,190
1111,2,1,49.43
1200,2,2,42
1247,2,1,47.39
1050,2,1,77.47
1270,2,1,80
1012,2,1,65
970,2,2,34
933,2,1,55
1200,3,2,76.13
1148,2,2,69
1463,2,1,61.45
1719,3,2,110
1350,2,1,88
1250,2,2,47
1200,2,1,75
1030,2,2,44
1420,3,3,70
9600,6,1,1800
1703,3,2,126
1210,2,1,80
3000,4,3,264
1398,3,0,51
1335,2,3,110
1255,2,1,52.32
1240,2,2,42.04
1076,2,1,78
1320,2,3,90
1216,2,1,80
1100,2,2,42
1183,2,1,77.3
656,1,1,38.77
534,1,1,19.65
1285,2,2,45
2087.01,4,2,135
1306,2,3,65
2249.81,4,2,245
1504,3,2,67
645,1,1,39
1260,2,1,62
3626,5,3,785
1050,2,2,55
2900,4,3,225
1505,3,2,64
1057,2,2,30
1680,3,2,122
799,2,1,35
1819,3,2,100
2020,3,2,160
1730,3,2,72.6
1950,3,2,125
1077,2,1,34.46
1706,3,2,115
1093,2,1,37
1340,2,1,101
984,2,1,59
1135,2,2,68
2400,4,1,344
1155,2,2,39
700,1,0,35
1150,2,1,42
1385,2,1,69.25
2061,4,2,175
1015,2,1,60
1108,2,1,63
1445,2,1,83
1085,2,1,46.5
1762,3,3,112
1303,2,2,80
1110,2,2,29.97
1780,3,2,88
1636,3,2,83
1332,2,2,101
1012,2,2,59
1192,2,2,53.5
795,2,1,32.54
1489,3,2,88
1200,2,2,62
1200,2,1,55.08
1224,2,2,67
1235,2,2,52.76
1342,2,2,75
1800,2,2,80
1130,2,1,46.33
1186,2,3,72
1295,2,1,64
1535,3,2,85
905,2,1,65
1447,2,1,75.97
1165,2,1,40
1328,2,2,107
1175,2,2,35
1245,2,2,100
985,2,1,49.97
1395,2,2,63
630,1,1,40.5
2500,5,2,181
3560,5,3,318
1180,2,2,55
1441,2,1,95
1115,2,1,50
1825,3,2,145
1278,3,2,62.71
1190,2,1,64
1430,2,2,87.8
1900,3,1,90
1104,2,1,34.22
1240,2,2,45.88
1140,2,2,62
3508,6,2,425
1700,3,3,105
2658,5,3,189
1600,2,1,90
1508,3,1,75
645,1,1,41
1079,2,1,32.37
975,2,1,50
1050,2,1,51
2996,4,3,200
2000,4,1,312
1400,2,0,75
1416,2,1,85
1602,2,1,75
1100,2,1,41
3800,4,3,235
1384,2,2,76.18
900,2,2,27.98
1030,2,2,75
883,2,1,39
1210,2,1,77
1100,3,1,58
1370,3,3,38.36
3951,4,3,230
2500,4,2,112
1186,2,1,76
560,1,1,45
2357,3,2,135
1823,3,2,103
1310,3,3,90
1520,2,2,60
1610,3,1,74.03
1400,2,2,80
2774,4,3,197
994,2,0,54.67
1455,3,3,75
1200,3,1,79
1172,2,1,75
1856,3,3,106
900,2,2,35
1757,3,3,98
1626,3,3,85
1559,3,1,81.55
1200,2,1,72
1174,2,1,74
1603,2,0,125
1278,3,2,70
1085,2,1,50
1195,2,1,61.36
550,1,1,11.5
1165,2,2,45
1452,3,3,60
702,1,1,52
1340,2,1,65
1160,2,1,40.53
1050,2,1,50
1960,3,1,138
975,2,1,32
1700,3,3,125
1275,2,3,69
1495,2,2,110
1200,2,2,48
1679,3,2,94.86
1210,2,1,82
1623,3,3,155
1115,2,1,35.8
1170,2,1,62
2065,4,0,248
1245,2,1,55
1017,2,1,66
1242,2,1,75
1792,3,1,104
605,1,1,22
1450,3,2,79
1232,3,1,96
1065,2,1,42.6
780,2,1,31
1070,2,1,42.79
1464,3,2,56
1910,3,2,150
1530,3,2,64
2439,5,2,170
1088,2,2,43.5
1174,2,1,78
1587,3,1,73.8
1304,2,1,69.97
1100,2,2,65
1482,2,1,68.9
1200,2,3,42
1070,2,2,32.99
1100,2,1,46.5
1270,2,2,65
1246,2,1,69
1529,3,3,51.77
1185,2,2,42
1319,3,1,37.75
991,2,0,64
662,1,0,38
1319,3,1,42
2000,3,2,300
985,2,1,25.12
1349,2,2,56.7
1844,3,3,95
1830,4,2,150
2275,4,2,185
2648,3,3,238
1455,2,1,45
1295,2,1,55.47
1788,3,1,164
1243,2,1,46
1855,3,3,140
1850,3,2,120
1315,2,2,60
1216,2,1,73
1721,3,2,93
1059,2,1,62
1184,2,1,55
2223,3,2,300
1480,3,2,75
635,1,1,28
1143,2,1,34.2
4800,4,3,420
1640,3,2,251
1685,3,3,101
1540,3,3,80
1265,2,1,72
1300,2,1,80
1009,2,1,65
497,1,1,20
2480,4,1,265
1142,2,0,35
1070,2,1,48
1125,2,1,32.49
1575,2,3,85
1360,2,1,77.61
1200,2,1,34.65
2185,3,3,120
2400,4,3,135
1246,2,1,67
1012,2,1,45
1130,2,2,85
1744,4,1,210
2733,5,2,259
1354,2,1,98
1389,2,2,94
2970,3,3,130
1738,2,1,57.35
1270,2,3,73
1160,2,1,52.2
1135,2,2,58
1224,2,2,48.95
664,1,1,34
1160,2,2,42
1328,2,2,69
975,2,2,45
1907,2,1,200
900,2,1,72
2330,5,1,175
1222,3,2,95
4446,3,2,410
2100,3,1,135
3335,4,3,290
3150,3,1,290
1330,2,2,46.55
2000,4,1,130
1244,2,1,55
1000,2,1,50
1000,2,2,35
2790,5,3,198
1683,3,3,80
1250,2,2,54
1305,2,1,110
1150,2,1,57.5
1654,3,3,70
4500,3,0,225
1890,4,3,125
750,1,1,18.5
1680,3,3,130
1700,3,2,93.5
1595,3,1,105
1866,4,2,245
3895,3,2,390
545,2,1,22.34
1185,2,2,56
1025,2,2,27.68
1730,3,1,95
1450,3,1,88.6
1862,4,1,110
4000,5,1,578
2430,5,2,180
1075,2,2,50
1060,2,1,34
935,2,1,45.9
1125,2,1,47
1725,3,3,85
1750,2,2,75
1745,3,3,98
1270,2,2,55.25
5384,5,3,420
1180,2,2,72
1130,2,1,75
2774,4,3,197
1723,3,2,95
1175,2,2,70.5
1607,2,2,112
1334,2,1,62
1138,3,2,128
1300,2,2,58
5150,4,3,559
1398,2,1,97
1116,2,1,47
1061,2,1,33.84
1270,2,2,57
3596,5,1,297
1202,2,1,65
1360,2,1,70
1155,2,1,69.18
2378,3,1,310
1011,2,2,38
1203,2,2,72
1645,3,2,113
1364,2,3,50
1252,3,3,70
1221,3,2,65
1270,2,1,55.25
1032,2,2,45
1515,2,3,69
1427,2,2,52
1460,2,2,80
2275,4,2,175
1522,3,2,90
1185,2,2,42.67
1800,3,2,125
1050,2,1,48
929,2,2,49
1530,3,3,75
4041,4,2,345
635,1,0,28
1015,2,1,45
1175,2,0,54.05
1210,2,0,75
1000,3,1,90
1800,3,2,190
1185,2,2,43.66
1600,3,3,130
1300,2,2,69.23
1100,2,1,68
860,2,1,28.93
1100,2,2,48
1187,2,1,38
2400,3,2,252
1820,3,2,85.2
1430,3,2,70
700,2,1,40
1165,2,1,40.77
1685,3,3,115
1314,2,2,110
1130,2,2,68
1550,3,2,85
1715,2,2,100
1053,2,1,53
1245,1,3,60
1320,2,1,160
3940,5,3,265
1241,2,1,65
2980,4,2,260
1090,2,2,57
1390,2,1,50
2750,5,2,275
1100,2,1,52.97
1350,2,2,103
1787,3,2,116
3700,4,2,325
1691,3,2,93.01
2119,4,3,111
1896,3,2,102
1540,3,2,48.51
1365,2,2,65
580,1,1,27.5
1355,3,2,83.87
1513,2,3,62
2087,4,2,139
2273,3,2,145
2050,3,2,150
1830,3,2,133
1028,2,1,56
1300,2,2,100
1160,2,1,67
1100,2,2,57.6
2159,3,2,120
1230,2,1,56.45
1340,2,1,71
1750,2,2,89
1675,3,3,62
1340,2,1,66.33
1276,2,2,76
1738,2,3,76
1128,2,1,65.45
1250,2,1,55
1450,2,2,90
1084,2,1,53
1250,2,2,65
1304,3,0,65
1640,3,2,268
980,2,1,77.44
1275,2,2,49.5
2400,4,0,95
2300,3,2,280
1450,2,2,70.18
890,2,1,40
1340,2,3,85
750,2,1,40
1300,2,2,66
1299,2,1,105
1600,4,2,300
925,2,1,55
3900,3,3,250
1715,3,2,95
1144,2,2,65
525,1,1,26.01
1400,2,2,56
661,1,1,33
1705,3,1,91
1430,2,0,55
1240,2,2,55
1230,2,2,44
1330,2,2,46.45
1300,3,2,170
1243,2,2,46
1300,2,2,56
4201,4,3,435
1216,2,1,66.88
1252,3,2,59
1027,2,2,44
1171,2,2,39
1180,2,1,77
1160,2,1,33.51
4382,4,3,400
2140,3,2,139
1500,3,1,100
1008,2,2,52
1921,4,3,129
1127,2,2,32
1621,3,1,124
1220,3,1,56
1590,2,3,85
1795,3,2,64.62
4395,4,2,242
825,2,1,35
4025,6,1,350
2215,4,2,154
1478,2,2,125
2475,4,3,337
1669,3,2,298
1820,3,2,79.5
1623,3,1,89
1243,2,2,46
1200,2,2,40.5
1613,3,3,72
1293,2,2,80
1065,2,2,28.5
940,2,1,69.57
1181,2,1,65
2215,3,2,275
1260,2,1,75
1200,6,3,132
1530,3,3,73
1140,2,2,46
1864,3,3,115
1575,3,3,55
945,2,1,45
1691,3,2,100
1220,3,1,35.25
600,1,1,35
1160,2,2,39
1650,3,1,85
795,1,1,32.6
1243,2,2,46
1263,2,1,51.5
1345,2,1,69
1360,2,1,58
1843,3,2,85
1642,2,1,115
1075,2,1,44
1225,2,0,68
1290,2,1,80.04
1361,2,2,79
1394,2,2,85
1222,2,2,98
1420,2,1,99.39
1167,2,2,64.08
939,2,2,39
1710,3,2,135
1000,2,1,45
3350,3,3,150
615,1,1,46
1350,2,1,85
2700,3,1,501
1718,3,2,130
1680,3,2,112
1157,2,1,72
1800,3,2,175
1010,2,1,52
630,1,1,46
1012,2,1,58
1884,4,2,118
1090,2,1,37
1300,3,2,77.99
2950,4,2,250
1710,3,3,85
1310,2,2,53
1464,2,2,115
715,2,1,29
1625,2,2,48.75
1040,2,1,50
1205,2,1,47
980,2,2,35
1006,2,0,44
1098,2,1,71
1200,2,1,53.5
1019,2,1,62
1733.5,3,1,120
1415,2,2,120
1050,2,2,45
1452,3,3,55.6
1246,2,1,95
1890,4,2,85
972,2,1,40
1500,5,3,160
630,1,1,33.7
1938,3,3,92.69
1392,2,1,95
1225,2,1,77
1750,3,2,120
1260,2,1,80
691,1,1,31.1
1285,2,1,78
1590,3,2,96
1571,3,2,65
1255,2,1,58
1520,2,3,81
1170,2,1,45.51
1777.26,3,2,89
1303,2,2,55.78
1835,3,1,108
1225,2,1,67.48
656,1,1,34.77
994,2,2,45
1025,2,1,65
1156,2,2,52
1250,2,2,60
3092,4,3,230
1930,4,2,122
1020,2,1,70
1322,2,3,70
1720,3,3,150
1689,3,2,103
1155,2,2,69
3913,5,0,176
3520,5,2,320
1847,3,3,92
1515,2,1,76
1130,2,2,55
1049,2,1,51
1842,3,2,115
1282,2,1,72
800,2,1,40
1190,2,2,30.35
1318,2,1,68
1698,2,1,105
1276,2,1,31.9
1555,2,1,67
1881,3,2,145
1890,3,2,109
935,2,1,32
1000,2,3,58
1160,2,2,42
1419,2,2,48.1
1350,2,1,63
2215,3,2,330
996,2,1,24.9
1076,2,1,30.13
1715,3,3,112
1072,2,2,45
1230,2,1,80
1411,3,1,93.25
1208,3,1,45
1225,2,1,69.84
1162,2,1,69
1262,2,1,65
1160,2,1,33.51
1340,2,2,41
2275,4,2,182
1162,2,1,58
1170,2,2,65
980,2,1,25
1423,2,1,71.73
1106,2,3,40
1105,2,2,27.6
1255,2,1,56.7
1525,2,2,65
1061,2,1,38.95
1400,2,2,40.45
2100,3,2,145
660,1,1,16.5
2047,3,2,67.55
1904,3,2,129
1205,2,1,73.87
1164,2,2,64.08
1410,2,2,73
1150,2,1,42
1170,2,2,53.11
1789,3,3,75
1021,2,1,76
1222,2,3,48
1981,3,1,134
1201,2,1,65
970,2,1,36
920,2,2,33
1520,3,3,85
1268,2,1,75
1755,3,2,115
945,2,1,35
500,1,1,33
1632,3,0,140
1276,2,2,80
1234,2,2,51
1180,2,1,75
1370,2,2,87
1015,2,2,25.88
1251,2,1,46
1346,2,1,67.38
1090,2,1,31.48
1290,2,3,51.1
1881,3,2,145
2735,4,2,340
1050,2,1,51.66
1660,3,2,131
705,2,1,50
1200,2,1,50
1804,3,2,127
750,2,0,20
1287,3,1,55
2215,4,2,157
1045,2,2,42.15
1431,3,2,85
1650,3,2,85.5
1535,3,1,72
2524,5,2,180
1300,3,2,69
284,1,1,8
1265,2,2,68
2077,3,3,175
2880,3,2,211
708,2,1,31.15
1450,2,1,90
1100,2,1,65
1185,2,3,55
660,1,1,35
1205,2,1,68.32
1421,2,2,73
524,1,1,29
984,2,1,45.91
985,2,1,50.17
1140,2,3,60
1410,2,3,44.42
1800,3,2,700
1333,2,1,86.65
1258,2,1,85.5
1458,2,2,87
1386,2,1,85
1140,2,1,32.92
550,1,1,27
1200,2,3,83
2135,3,2,149
2500,4,0,100
1178,2,1,80
991,2,2,40
1493,2,3,90
2495,3,3,130
814,2,1,53
1025,2,1,50
1115,2,1,61
3075,2,3,188
1760,3,2,160
1175,2,2,52.86
4235,5,3,364
1100,2,2,45
1810,3,3,131
2400,2,3,195
1100,2,1,70
650,1,1,35
1350,3,2,47.25
1360,2,3,110
674,1,1,36.85
1655,3,2,110
1277,2,2,92
1153,2,2,60
3300,3,1,255
1160,2,1,95
1075,2,1,31
1225,2,2,72
5000,5,3,950
1350,3,2,60
1300,3,1,69
830,2,1,36.28
1155,2,1,69.18
3126,5,3,345
905,2,2,55
1375,2,0,75
957,2,1,55
890,2,2,45
3000,4,2,235
1070,2,1,55
2400,5,1,150
925,2,1,37
1415,2,2,60
1225,2,1,37
840,1,1,57
1732,3,1,112
1260,2,1,69.9
827,2,0,34
1370,2,1,54.79
1725,3,2,106
700,2,1,34
800,2,1,32
2367,4,3,340
1415,2,1,65
1976,3,1,145
700,1,1,38
1445,3,1,50
2082,3,2,104
1140,2,2,46
933,2,1,66
1130,2,1,36
1555,3,2,125
1420,3,2,62
658,1,1,26.91
896.9,2,1,78.74
1035,2,2,40
2064,5,2,225
1839,3,3,160
1200,2,2,44
488,1,1,20
993,2,2,42
1225,2,1,45
825,2,1,32
1800,3,3,92
1167,2,1,63
650,1,1,50
675,1,1,27
4800,4,2,600
1330,2,1,58
1320,2,1,160
1770,3,3,108
2100,3,3,125
1419.59,2,1,65
1536,3,1,107
1710,3,2,210
2400,3,3,196
1342,2,1,72
938,1,1,50
1820,3,2,99
2439,4,3,170
1665,3,2,78
1091,2,1,40
1346,2,1,74.03
1720,3,2,224
3675,4,3,176
1299,2,1,97
1491,3,2,85
1125,2,1,55
1275,3,1,70
10000,4,2,975
1330,2,2,74
770,1,1,38
3930,5,2,330
2569,4,1,175
1116,2,3,51.91
1707,3,2,115
1240,2,1,83
1300,2,1,91.65
1700,2,2,76
1383,2,2,76.18
2072,4,2,151
615,1,1,46
1116,2,1,45
1639,3,2,107
933,1,1,61
2289,3,3,180
1080,2,1,38
910,2,3,36
1200,2,0,73
1110,2,1,39.9
1800,3,1,204
1005,2,1,55
660,1,1,23
1100,2,1,60
1590,3,2,57
1161,2,1,55.15
1644,3,2,92.59
1205,2,1,85
1270,2,2,62
1221,3,3,70
840,2,2,35
1339,2,2,63
1315,2,1,85
850,2,1,27
1600,2,2,110
1250,2,1,62
1312,2,1,56.5
3000,4,0,134
1300,2,2,28
5000,4,2,536
1614,2,2,59
1182,2,1,60.1
1053,2,1,46.29
2000,3,3,125
1940,4,3,116
1590,3,2,105
1260,2,1,62
1702,3,2,107
1080,2,2,65
1035,2,1,39
1200,2,1,36
1300,3,1,69
1330,2,1,93.65
1210,2,1,65
1900,2,2,65
1935,4,2,125
1410,3,3,90
1469,2,2,99.14
986,2,1,30
1460,2,2,87
1260,2,2,85.05
1345,2,2,39.5
980,2,1,57
1164,2,2,75
929,1,2,51
1362,3,1,62.63
672,1,1,36.85
1746,3,3,115
1532,2,1,65
1250,2,2,65
1188,2,1,39
3565,4,0,218
1170,2,2,85
2507,4,2,155
1061,2,1,34
1333,3,1,50
1691,3,2,119
2030,4,1,125
1012,2,1,70
1765,3,2,118
1110,2,2,36.25
1044,2,2,36
1518,3,3,80
1300,2,2,57
1798,3,3,73
866.28,2,0,36.38
3410,5,3,253
1179,2,2,56
1125,2,1,48
1190,2,2,61.8
1761,3,1,84.52
1128,2,1,64.8
509,1,1,20
1852,4,2,122
1045,2,1,40.65
3535,4,2,215
1800,3,2,82
645,1,1,55
2050,3,2,135
1335,2,1,95
1255,3,2,77.68
1140,2,1,59
2376,3,1,240
663,1,1,46
1450,3,3,60.9
2200,3,2,275
1740,3,3,80
1525,2,3,63
2470,5,2,192
1250,2,2,65
1400,2,1,70
1600,3,2,100
1060,2,1,55
1296,2,2,105
1945,3,3,115
2100,3,1,270
850,2,1,42.5
1880,3,2,110
1060,2,2,52
2041,3,3,138
1184,2,1,62
1411,3,2,100
1702,3,2,120
1185,2,2,45
1300,3,1,64
1545,3,2,65
1515,2,2,135
1300,3,3,55
1720,3,2,106
1540,3,2,150
710,1,1,40.42
1100,2,1,38
3200,4,0,270
1250,2,0,48
1584.01,3,1,104
1485,2,2,70
1100,2,1,78
1880,4,0,154
1640,3,2,105
1165,2,1,65
1110,2,1,43
4000,4,2,630
1300,2,2,75
1232,2,1,69.61
1222,2,1,68
1155,2,2,39
1200,2,1,45
1517,3,2,71.28
870,2,2,24
1345,3,1,58
3800,5,2,170
1255,2,1,52.32
1810,2,2,65
1185,2,2,45
1350,2,3,68
1170,2,3,50
3420,4,2,225
1320,2,2,65
1610,3,2,84.53
1870,3,3,180
1510,2,1,110
1500,2,1,70
1149,2,1,130
1948,4,2,129
1242,2,1,78
1268,2,1,58
1101,2,1,50
1255,2,3,65
1362,3,1,62.63
984,3,2,140
1089,2,1,32.67
1345,2,1,57
950,2,1,45
1068,2,1,43
860,1,2,31
1756,3,2,66.73
1205,2,1,41
1800,3,2,125
1604,3,0,68
2732,4,3,204
1015,2,2,25.88
1050,2,2,33.1
1248.52,3,2,115
1656,2,1,62.93
1451,3,1,68
1250,2,2,93
4395,3,3,240
4600,6,2,650
1340,2,3,42
1100,2,2,38.5
1700,3,1,71
1096,2,1,43
1160,2,1,33.5
1269,2,2,63
1586,3,1,125
1376,2,1,124
1452,3,3,56.5
1538,3,1,107
1427,2,1,130
1220,2,3,65
1197,2,1,77
1573,3,1,90
1135,2,2,58
2045,3,2,108
1268,2,1,56
883,2,1,39
1600,3,3,100
1056,2,2,70
1204,2,2,58
1410,2,1,54
1460,2,1,80.3
1310,2,1,88
1600,3,2,90
1665,3,2,74.93
1345,2,1,57
1416,2,2,67
1145,2,2,46
1231,3,2,58
1664,3,0,73.95
972,2,2,43
1007,2,1,68
1250,2,2,85
994,2,1,42.28
1220,2,2,46
1441,2,1,115
1157,2,2,47.32
1400,2,2,105
675,2,2,13.5
1430,2,2,78
2640,5,1,150
1075,2,1,42
1011,2,1,59
1450,2,1,102
1129,2,1,69
1126,2,1,36
1180,2,2,45
1933,3,2,140
610,1,0,28
1300,3,3,77.99
1864,3,2,120
1200,2,1,62
1735,3,2,70
1750,3,3,172
1009,2,2,56
1470,2,3,102
985,2,1,45
1277,2,1,77
1100,2,1,62
1820,3,2,140
1886,3,2,205
1880,4,2,110
1255,2,2,52.35
700,2,1,36
1025,2,1,29.6
3453,4,2,247
1850,3,2,140
3522,5,3,716
1244,2,2,88
1025,2,1,28.57
1034,2,1,38
1191,2,2,33.34
1719,3,2,71
1470,2,2,84.22
1752.12,3,2,125
2990,3,2,170
1660,3,2,85
1275,3,3,63.43
1392,3,1,69.46
1245,2,1,59.76
1162,2,2,64.08
1476,2,1,73
943,2,2,48
1113,2,1,44.5
1615,3,2,69.43
1279,2,3,100
1350,3,1,65
1357,2,1,123
1645,3,2,117
1777.26,3,2,92
845,2,2,32
1210,2,1,64.15
1879,3,2,155
1250,2,2,50
1108,2,1,60
1157,2,1,75
1185,2,1,42.66
1751,3,2,115
1880,3,2,96.5
1407,2,1,98.49
1000,2,2,50
1518,3,3,75
1027,2,1,67
3730,6,2,430
1145,2,2,46
1260,2,2,113
1500,2,3,47.25
1737,2,1,57.32
1500,3,2,135
1030,2,1,46.5
1057,2,1,35
2774,4,3,208
1460,2,2,38.5
1075,2,1,53.7
3626,5,3,788
1139.7,2,1,45
1074,2,1,42.8
2425,5,1,175
1323,2,2,74
1232,2,1,69.61
900,2,1,40
740,1,1,23.65
1920,3,2,134
1550,3,2,96
1588,2,3,90
1340,2,2,54.27
1719,3,2,135
1107.83,2,1,41.51
1660,3,2,104
1247,2,1,58.56
1595,3,2,96
1175,2,2,50
1184,2,1,78
1100,2,2,55
1200,2,2,60
1000,2,0,52
1705,3,2,85
1060,2,2,58.3
2325,4,1,120
1347,2,2,55
1402,2,2,95
2280,4,2,125
1080,2,1,53
1100,2,2,42.6
2500,4,3,225
1200,2,2,78
1565,2,2,57.91
2882,5,1,200
2180,3,3,273
985,2,1,38.92
950,2,2,35
1449,3,1,72
3009,3,2,330
1300,2,3,95
1220,2,2,60
2289,3,2,178
1170,2,1,56
883,2,1,45
1698,3,2,125
1185,2,2,75
2051,3,1,180
1252,2,1,67
2500,3,3,340
970,2,1,52.5
1635,3,1,57
3425,3,1,320
2950,4,3,253
1200,2,1,66
4450,6,0,449
1166,2,1,64.08
2390,3,1,372
1690,3,3,50
1732,3,1,85.73
1095,2,1,85.41
416,1,1,17.19
1350,2,3,85
1226,2,1,65
1168,2,1,68
1776,3,2,124
1634,3,2,68
1190,2,1,70
1133,2,1,33.99
1559,3,2,62
6652,6,1,510
976,2,1,50
2940,6,2,201
1633,3,2,110
1151,2,2,46
1400,2,2,42
1037,2,1,36
1188,2,1,36
1060,2,1,52
2215,4,2,162
1075,2,1,53.7
2569,5,3,180
1183,2,1,79.54
1100,2,2,44
1291,2,1,75
1060,2,1,55
1575,2,2,110
1236,2,1,58
2475,4,3,326
1056,2,1,75
1850,3,2,110
3150,4,3,180
1185,2,2,30.22
918,2,2,56
1540,2,3,70
1200,2,2,80
1345,2,2,106
1510,2,3,80
1100,3,2,53
2282,4,0,115
2172,3,0,100
600,2,1,72
1245,2,2,43.58
1200,2,0,46
2100,3,2,200
3520,5,2,240
1041,2,2,54
1505,2,2,60
1776,3,2,150
1767,3,2,89
1293,2,2,80
1280,2,2,68.48
1245,2,1,83.05
1100,3,2,58
1814,3,1,129
1610,2,1,112
1600,3,3,79
1452,3,3,60.98
1475,3,3,75
1353,2,3,75
4800,4,3,550
1270,2,1,96
2695,4,3,188
1330,3,2,65
1400,2,3,90
1700,3,2,75
1585,2,2,90
1128,2,1,67
60,4,2,218
1203,2,2,60
905,2,1,35
1450,3,2,79
1105,2,3,38
1530,2,3,89
1105,2,1,35.4
1333,2,1,78.56
1530,3,2,76.34
1270,2,1,94
1830,3,3,89
2400,2,2,250
1450,2,2,78
1200,2,2,44.4
1070,2,1,57
1980,4,1,180
842,2,2,30
700,1,1,31.2
1100,2,2,75
1196,2,2,40.54
1820,3,2,85
1185,2,2,43.5
1220,2,1,89
1116,2,3,51.91
1192,2,3,75
1449,3,2,110
2500,3,1,250
1700,3,2,90
1920,3,2,150
1447,3,2,76
1329,2,1,107
1314,2,2,70.44
1513,3,1,103
1246,2,1,67.5
1220,2,2,62
1245,2,2,80
1495,2,1,63
996,2,2,36.5
1250,2,3,75
975,2,1,24.86
1261,2,1,80
1080,2,2,46
1230,2,1,50
1260,3,1,49.36
1590,2,2,135
1220,2,2,39
1320,2,1,38.12
1750,3,2,105
1436,2,3,62.15
1560,3,2,90
1275,2,2,59
2400,3,2,115
3150,5,1,212
1960,3,2,165
3200,5,3,309
1195,2,2,100
4304,4,2,699
2100,3,2,130
1027,2,1,44
1575,4,3,250
1365,3,1,52.82
650,1,1,18
1075,2,1,57
1100,2,1,63
1500,3,2,65
1246,2,1,67.5
1718,3,2,90.2
1075,2,1,32
1685,3,1,90
1180,2,2,65
1200,2,1,60
900,2,1,41
1000,2,1,45
1404,2,1,70
1610,2,2,115
1760,2,1,85
1190,2,2,42
2415,3,2,399
1235,2,2,44.5
1275,2,3,55
1197,2,1,76
644,1,1,32
1105,2,2,30
1206,2,1,55
1560,3,2,78
750,1,2,47
1035,2,2,90
702,1,0,35.8
560,2,1,22
1426,2,2,61.5
1885,3,2,135
935,2,0,37.77
1171,2,2,73
1820,3,2,95
1580,2,2,66.85
1452,2,2,46.29
1445,2,1,89.56
1170,2,1,39
1100,3,2,53
2600,3,2,160
1532,3,2,59.75
1473,2,1,85
1350,3,2,80.99
4040,4,0,500
1980,4,2,166
1660,3,2,128
4000,5,2,425
2475,4,3,340
1080,2,1,48
1521,2,2,57.5
1053,2,0,51
2406,5,2,289
1430,2,2,51.48
2400,3,2,12
1000,2,2,39.5
1630,3,3,68
985,2,1,40.5
1200,2,2,70
1670,3,2,59
1240,4,0,110
1000,2,2,60
1140,2,2,43
1635,3,3,85
1760,3,2,185
2137,3,2,110
973,2,1,50.74
1724,3,1,146
883,2,1,49
2787,5,2,220
1470,2,3,60
891,2,1,24.95
1787,3,2,120
1320,2,2,110
1692,3,3,108
1400,3,2,69
1370,2,2,56
1602,3,2,56
675,1,1,35
3250,4,2,136
1050,2,3,43
1035,2,1,42.5
1200,2,2,44
1800,3,2,128
1625,3,2,70
1032,2,1,31.99
1496,2,1,71.81
1125,2,1,32.63
1555,3,3,73
1025,2,1,42
1482,2,1,83.73
900,2,1,44.5
1355,2,3,75
1563,3,2,63
1360,2,1,101
1835,3,3,88
1756,3,2,110
1296,2,2,51.83
1300,2,1,75
1141,2,1,50
1210,2,1,55
1310,2,2,67
1745,3,2,140
1140,2,1,34
1210,2,2,54
633,1,1,17.09
485,1,1,19.5
1112,2,2,40
2275,4,2,187
1419,3,2,85
1047,2,2,91
1884,4,2,117
905,2,1,58
1500,2,1,108
1305,2,1,77
1125,2,1,65
865,2,2,33
1245,3,3,66
1145,2,2,60
2000,3,1,90
625,1,1,43.68
1724,3,2,128
1270,2,1,54
1485,3,2,72
1950,4,2,120
1756,3,2,125
520,1,1,14.04
1025,2,1,48
3335,4,3,300
1411,2,2,60
1320,2,1,39.6
1320,2,0,50
1804,3,2,155
1140,2,2,46
2375,4,2,189
965,2,1,54
1684,3,1,120
1672,3,2,86
1075,2,2,60
1500,5,2,95
1420,2,1,99.26
1169,2,2,64.08
1290,2,1,62
1500,3,2,70
1310,2,1,37.84
2150,3,0,170
1025,2,2,45.5
1070,2,1,60
815,2,1,40
2000,3,3,105
3500,5,2,450
1205,2,1,45.79
1368,2,3,87
1408,2,2,58
1507,3,1,80
960,2,3,50
1021,2,2,46
2162.03,4,2,129
1065,2,1,36
400,1,1,10.25
1465,2,1,75
900,2,1,41
1800,3,2,95
1175,2,2,83
1050,2,0,59
1400,2,2,40.43
1650,3,1,150
1827,3,2,97
1930,4,2,122
883,2,1,37
1290,2,3,38.69
2400,3,0,200
1200,2,1,57.9
1520,3,2,125
2710,3,2,177
1150,2,2,57
1200,2,3,110
1252,2,1,92
1650,3,2,85
1270,2,2,80
992,2,1,70
1075,2,1,41.49
1190,2,1,42
1814,3,3,63
1400,3,2,98
1344,2,0,56
5400,5,3,475
1843,3,2,95
1138,2,1,32
1495,2,2,70
880,2,1,19
1396,3,1,74
1610,2,3,119
1410,2,2,43.71
1104,2,2,58
1165,2,1,67
1310,2,3,60
2240,3,2,300
1150,2,1,38.08
2019,3,1,70.67
986,2,1,31
1318,3,2,56
1325,2,2,58
800,2,1,33
1010,2,1,52
1260,2,3,75
1520,3,1,165
1197,2,1,75
1241,2,1,68
1567,2,3,62
1747,3,1,110
1475,2,2,55
980,2,1,51
966,2,1,58
2360,3,2,185
1112,2,1,62
550,1,1,16
1760,3,3,90
1830,2,3,113
1175,2,1,67.77
1175,2,1,41
1232,2,1,80
1010,2,2,57
1273,2,2,60
1590,2,2,102
1100,2,1,58.5
1252,2,1,65
2615,5,3,222
1755,3,2,117
1135,2,2,46
3500,4,2,550
1100,2,1,53
1236,2,1,50
1075,2,2,32.25
1150,2,2,42
1085,2,1,43.4
1785,3,0,165
2475,4,3,300
1930,4,2,120
1920,3,3,122
760,1,2,50.4
1201,2,3,80
1615,3,2,97
1991,4,2,100
1377,2,2,80
2880,3,2,560
1892,3,2,200
2176,3,3,348
663,1,0,32.82
3554,4,1,340
1260,2,1,45.5
1095,2,1,39
1176,2,2,50
1801,3,2,115
1194,2,2,46
1308,2,3,53
4250,4,2,610
1806,6,2,116
2144,3,2,140
1065,2,3,33.75
1205,2,1,67
1160,2,2,40.58
1194,2,2,47
3633,5,1,335
1843,3,2,90
1885,3,2,85.52
1126,2,1,39.4
1357,2,2,59
1451,2,2,46.4
950,2,1,55
960,2,2,48
2200,4,1,150
1607,2,2,112
900,2,1,46.29
1080,2,2,38
1708,3,0,64.05
1690,2,2,116
1243,2,2,46
1165,2,1,33.64
1194,2,2,47
1630,3,2,110
1063,2,1,42.52
1025,2,1,39.98
1299,2,1,89.63
1343,2,1,76
1524,2,3,72
2236,4,2,153
1205,2,1,79
1950.2,3,2,261
1157,2,1,69
1000,2,2,40
602,1,1,33
1108,2,0,66.46
1196,2,2,40.54
850,1,1,37.32
2171.66,3,2,298
900,2,1,40
720,1,1,33
1573,3,2,115
1026,2,1,60.8
1400,2,2,40.44
1150,2,1,48.5
2400,3,2,380
1790,3,2,105
1125,2,2,75
1100,2,1,50
1105,2,2,57
1110,2,2,46.5
708,1,1,41
3122,6,2,250
1205,2,2,37
1450,2,2,73
1200,2,2,42
1837,2,2,95
1346,2,1,76.01
1012,2,1,68
1950.2,3,2,193
1500,2,2,60
1197,2,1,79.9
1230,2,2,31.37
1563,2,2,52
3729,4,2,384
1600,3,1,120
1715,3,3,120
1151,2,2,42.5
1315,2,3,77
1600,3,2,63.2
1660,3,2,104
1299,2,3,58
953,2,1,90
1457,2,3,60
1075,2,1,33.53
1450,3,3,51
5515,6,2,425
950,1,1,40
1013,2,2,60
1430,3,1,61
1600,3,2,77
1190,2,1,48
1625,3,2,95
1615,3,2,150
1180,2,2,85
850,2,1,45
1300,2,3,90
1891,3,1,110
1735,3,3,78
1075,2,1,33
1590,3,2,57
1010,2,1,58
1221,2,2,68
1108,2,1,87.48
1370,2,1,70
1277,2,1,79.89
2400,3,3,140
1570,3,2,68
1053,2,3,44
1325,2,3,56
1274,2,1,90
1317,2,2,52
1195,2,1,75
940,2,2,35
1820,3,2,95.5
1615,3,0,96.9
985,2,1,62.5
656,2,1,25
1105,2,1,39.5
1220,2,1,55
1400,3,2,74
1000,2,1,35
1330,2,1,57
1165,2,1,52
1153,2,2,56
1270,2,2,45
1420,2,2,95
1454,2,1,90
1116,2,3,48.76
1346,2,1,74.03
1062,2,1,50
1405,2,1,99
2153,4,3,120
2135,3,2,170
1125,2,1,47
940,2,1,32.9
1063,2,1,32.79
1382,2,2,84.5
1400,2,3,60
475,1,1,26
1450,3,3,65
1162,2,1,52
1161,2,1,48.75
1623.29,2,2,105
1260,2,1,70
1672,3,2,190
3000,4,2,240
1500,2,0,70
2000,3,3,200
1200,3,2,150
1400,2,3,56
2257,3,2,155
1153,2,2,56.5
1197,2,1,56.86
1150,2,2,90
1837,3,1,110
1830,3,3,91.86
1715,3,3,115
970,2,1,35
5480,4,2,400
3040,4,2,135
1168,2,1,66
1160,2,2,36.54
1500,3,2,75
935,2,2,39
1650,3,1,180
5656,5,0,499
1300,2,1,33
950,2,1,60
1425,2,2,65
1165,1,0,42.09
1510,3,2,78
1305,2,2,90
866,2,2,32
1231,2,1,84.5
2500,3,3,138
1140,2,3,55
525,1,1,30
1100,2,1,41
4723,4,3,500
3508,4,1,386
1354,2,2,70
2453,3,2,250
1205,2,2,60
1625,3,1,150
1520,2,3,80
1762,3,3,109
1153,2,2,58
2650,4,1,223
1350,2,2,47
950,2,2,56
3295,3,3,310
1515,3,3,80.5
1100,2,2,30
1355,2,2,51.5
2051,3,2,170
1470,2,2,99
1550,2,3,70
1270,2,1,73
2119,4,2,111
1600,3,3,170
1320,2,2,50
1410,2,1,54
1200,2,3,70
995,2,1,48
1194,2,2,46
605,1,1,30.24
567,1,1,25
1715,3,2,105
1846,3,2,120
1015,2,3,56
1100,2,1,36
1965,4,2,125
1230,2,1,67.65
1894,4,1,114
1950,3,2,131
1231,2,3,66
1236,2,1,58
1443,2,2,70
1305,3,1,33.28
1183,2,1,79.54
1750,3,2,100
1342,2,1,90
1113,2,1,52
1738,3,2,110
2790,4,3,198
1857,4,3,155
1763,3,2,240
1290,2,2,72
1160,2,2,64.08
1750,3,1,185
2240,4,2,160
891,2,1,26
1852,3,2,125
1323,2,1,42
1404,2,1,67.5
1129,2,1,50
1876,3,1,150
1720,3,1,95
1175,2,2,86.68
1893,3,2,130
1430,3,2,52
850,2,2,45
1392,2,1,110
1938,3,3,105
1832,3,2,160
1432,2,1,85
1843,3,2,96.2
1916,2,1,150
2640,2,1,170
1160,2,3,53
1200,2,1,80
1500,3,3,100
1336,2,3,50.35
1065,2,1,46
1294,2,1,115
1550,3,2,68.5
1216,2,1,75
1430,2,1,102
4100,4,3,660
1660,3,2,125
1430,2,3,56
1470,2,1,75
1045,2,1,76.77
950,2,0,30
1382,3,1,65
1660,2,2,116
1290,2,2,71.95
1010,2,1,45
1200,2,2,71
1636,3,2,88
2367,3,2,320
1153,2,2,56.55
2087.01,4,2,160
1200,2,1,47
1844,3,1,89
1215,2,1,43.75
1220,2,2,52
525,1,1,26
955,2,1,37.97
884,2,1,48
2400,4,2,300
2990,4,1,225
1195,2,1,52
984,2,1,45.75
1089,2,1,40
1165,2,1,52
1482,3,1,110
1938,3,3,113
1140,2,2,43
3734,5,1,430
720,1,2,28
1100,2,1,90
1550,2,2,73.5
1220,2,2,60
1347,2,1,44
600,1,1,22.8
2321,4,1,157
540,1,2,24
1484,3,1,75
1105,2,2,40
1200,2,2,60.5
4007,4,3,530
550,2,1,16
2409,3,3,395
1055,2,3,75
1541,3,1,69.61
1224,2,2,75
883,2,1,39
1154,2,1,57
1610,3,3,78.5
1057,2,1,42
1157,2,1,65
980,2,3,35
1140,2,1,40
1206,2,1,40.7
1600,3,1,170
1270,2,1,35.56
1128,2,1,63.5
640,1,1,45
1090,2,2,38.15
589,1,1,29
3150,4,2,500
1315,2,3,74
1435,2,2,115
1314,2,3,80
1260,2,1,100
1082,2,1,45
1052,2,1,34.72
1442,3,2,80
1500,2,2,75
497,1,1,20
1255,2,1,53.57
2100,3,2,150
1450,2,2,80
1346,2,1,69.61
925,2,1,49.82
1768,3,3,81.31
1745,3,2,130
3500,3,3,425
1550,3,1,50
2340,5,1,160
1655,3,2,113
2024,3,2,103
3100,5,0,425
1575,4,3,100
1920,3,2,130
6200,4,2,744
1082,2,1,55
1265,2,3,55
1246,2,1,67.4
615,1,1,43.08
1128,2,1,60
1260,2,1,55
1830,3,3,89.89
602,2,1,30
1835,3,3,89
1250,3,3,62.6
1855,3,3,96
1450,3,3,60.91
2089,3,2,148
1464,3,2,56
1200,2,2,44.73
1095,2,1,45
2900,3,2,297
2500,3,2,345
1170,3,2,80
1280,2,1,88
1224,2,0,105
1694,3,1,125
825,2,1,30
985,2,1,25.12
1175,2,2,75
1740,3,3,85
1770,3,2,99
1090,2,1,46
1800,3,1,130
1221,3,3,65
1046,2,1,48
1290,2,3,56.12
1065,2,1,30.76
1850,4,2,121
1097,2,1,49
1200,3,2,70
1140,2,2,52
1150,2,0,50
1245,2,2,58
4750,6,1,948
1594,3,2,140
645,1,1,16.45
700,2,2,36
1000,2,0,50
4000,5,1,540
1570,2,2,95
1290,2,2,88
2777.29,5,2,649
2250,3,0,180
1145,2,2,44
1065,2,1,30.75
1650,3,2,48
1371,2,1,86
1575,3,1,94.5
1362,2,2,66
1255,3,1,90
1088,2,1,30.46
1234,2,2,80
2140,3,2,139
1584,3,2,101
1175,2,2,50
645,1,1,16.45
1585,2,2,79
1740,2,1,137
985,2,1,50.17
1583,3,1,95.23
1573,3,2,100
1210,2,1,60
1485,2,2,63
1735,3,2,97
1730,3,2,175
1684,3,2,86
1686,3,3,77
1600,3,3,105
1655,3,3,95
1830,3,3,121
1430,3,1,85
1989,4,3,155
1044,2,2,55
1426,3,2,85
1115,2,2,50
1000,2,1,29
1140,2,1,33.06
1200,2,3,50
580,1,1,45
1030,2,1,50.36
1950,3,3,132
1724,3,1,125
1400,2,2,65
1300,2,2,55.86
1332,2,1,108
1000,2,1,41
1070,2,1,48
1600,3,1,85
1025,2,1,54
1220,3,2,56
2180,4,3,180
1600,3,2,102
1270,2,1,110
1932.47,3,2,183
2086,3,2,160
1165,2,1,51.42
1440,2,2,165
740,1,1,22
2503,3,3,138
1075,2,2,60
1260,2,2,83.5
1282,2,1,48.72
1717,3,3,125
1335,2,1,56
1200,2,1,42
1157,2,1,73
1510,2,2,65
1050,2,2,54
1200,2,2,45
1516,3,1,147
1050,2,1,44.41
1210,2,3,69
1660,3,1,110
1410,2,3,125
1305,2,1,67
1206,2,3,53
883,2,1,49
1150,2,2,55
1850,3,3,110
2150,3,2,85
3895,3,1,390
1155,2,1,69.18
755,1,0,30.12
960,2,2,35
1571,3,3,53.12
1691,3,2,119
1489,2,1,70
800,2,1,32
980,2,2,60
1215,2,1,65
1500,2,1,70
1588,2,3,58
957,2,2,56
1200,2,1,34.65
845,2,0,34
2206,4,1,180
1719,3,3,95
995,2,1,40.8
1047,2,1,75
1466,3,3,59.96
1691,3,2,100
876,2,2,28.47
1659,3,1,135
1270,2,1,105
1269,2,3,50.75
1200,3,2,80
1153,2,2,56.5
1315,2,2,69.5
1354,3,1,85.86
1344,3,1,130
1180,2,1,55
1313,2,2,68
1100,2,2,50
890,2,3,37
1173,2,1,78.2
1190,2,1,55
1644,3,3,80.51
1710,3,2,110
1662,3,2,155
1162,2,1,48
540,1,1,22.5
1410,2,3,54.99
2665,5,3,125
1810,3,2,97.83
1328,2,1,56
1500,2,2,58
1100,2,2,85
1360,2,2,73
1031,2,1,54.48
1200,2,2,46
1267,3,1,78
1510,2,3,110
900,2,1,42
1457,2,2,105
3596,4,2,268
1408,3,2,80
1005,2,2,45
545,1,1,28
1367,2,0,80
1720,3,2,128
1107,2,3,44
1360,2,1,78.19
1701,2,2,145
1016,2,1,39.95
900,2,1,45
1500,3,1,150
2292,2,1,285
1280,3,1,42
1750,4,2,263
1500,2,1,70
1500,2,1,64.5
1245,2,2,59
1945,3,2,135
1640,3,3,245
1348,2,2,80.5
1100,2,2,55
1616,3,3,40
1855,3,3,135
1255,2,2,56.5
1022,2,1,35
1020,2,1,40.8
4395,4,2,242
950,2,1,25
1936,3,1,131
1223,2,1,93
1495,2,1,78
1500,2,3,82
1605,3,2,260
1270,2,2,52
1081,2,3,60
1600,2,0,140
1596,3,1,118
1557,3,1,70
1984,4,1,148
2259,3,2,112
1310,2,1,37.83
1600,3,2,260
1790,3,2,120
1786,3,2,79.99
1564,3,1,103
1365,3,1,53.96
1115,2,1,50
1020,2,1,42.48
1369,2,3,72
1240,2,2,41
1418,2,1,62
1290,2,2,70
1881,3,2,115
943,2,2,49.5
1035,2,2,60
1290,2,2,56.12
2610,4,2,306
1576,3,2,58.7
4000,6,1,440
1346,2,1,74.03
1181,2,2,55
6652,6,1,660
1307,2,2,59
1910,3,2,131
1200,2,2,50
2920,4,3,536
1349,2,1,98
1175,2,1,60
935,2,1,32.72
1404,2,2,59
1203,2,2,60
610,1,1,18.5
1200,3,2,65
1200,2,2,45
6688,6,1,700
1830,3,2,95
1432,2,2,61.11
2300,2,0,70
1331.95,2,2,69
1639,3,2,107
1665,3,2,74.9
2093,4,2,134
1450,3,3,60.9
1486,2,2,65
1425,1,0,54
1255,2,2,42.54
750,2,1,19.5
1274,2,1,90
1350,3,2,80.99
1100,2,2,64.08
1760,3,2,139
1095,2,2,28
1140,2,2,46
1530,3,3,64.86
1724,3,3,140
1975,3,3,90
1112,2,1,58
509,1,1,23
2265,3,3,159
1010,2,1,41
1150,2,2,45
1850,3,1,98
907,2,1,40
3596,5,1,251
1295,2,1,62
1012,2,1,62
1010,2,1,32
1379,2,1,85
1121,2,2,75
1200,2,1,75
3124,6,3,349
1246,2,2,47.35
1355,2,1,73
1425,2,1,94
2099,3,2,134
1520,2,1,69.76
1490,3,0,140
1291,2,2,72.3
1339,2,2,67
1330,2,1,56
1650,1,1,130
1096,2,2,40
814,2,1,43.7
1140,2,2,44
4000,6,1,370
1500,2,3,78
1850,3,2,89
745,2,1,36
613,1,1,48
1470,2,1,85
520,1,1,15
1360,2,1,64.99
1155,2,1,64
520,1,1,14.04
1615,2,3,150
1140,2,2,39
1508,3,1,77
2395,4,2,150
1590,3,2,57
2215,4,2,152
1903,2,1,293
1730,3,2,125
1225,2,2,52
1651,3,1,49.53
1500,2,3,55
1783,3,3,85
1015,2,1,35
1200,2,0,75
1917,4,2,130
1703,3,2,120
1211,2,3,45
1146,2,1,69
1453,2,2,58
877,1,1,59
1477,2,1,69.5
1420,2,0,120
1140,1,1,185
1095,2,1,57
1665,3,2,71.58
1245,2,1,60
3360,5,2,221
2010,3,2,201
1075,2,1,46.76
1226,2,1,65.59
1153,2,2,60
1000,2,1,49.5
1256,2,1,65
1919,3,2,117
2111,3,2,103
970,2,1,57
1353,2,2,110
1405,2,1,85
1285,2,2,90
1349,2,1,96.8
4050,2,1,450
1440,2,2,63.93
2425,5,1,195
2200,3,3,80
1810,3,2,112
1060,2,1,52
1015,2,2,60
1187,2,2,40.14
1527,3,1,142
1345,2,1,57
1715,3,3,112
3453,4,0,231
1141,2,1,60
4689,4,1,488
